/*

SQLyog Ultimate v8.55 
MySQL - 5.5.16 : Database - kff_20120106

*********************************************************************

*/



/*!40101 SET NAMES utf8 */;



/*!40101 SET SQL_MODE=''*/;



/*!40014 SET @OLD_UNIQUE_CHECKS=@@UNIQUE_CHECKS, UNIQUE_CHECKS=0 */;

/*!40014 SET @OLD_FOREIGN_KEY_CHECKS=@@FOREIGN_KEY_CHECKS, FOREIGN_KEY_CHECKS=0 */;

/*!40101 SET @OLD_SQL_MODE=@@SQL_MODE, SQL_MODE='NO_AUTO_VALUE_ON_ZERO' */;

/*!40111 SET @OLD_SQL_NOTES=@@SQL_NOTES, SQL_NOTES=0 */;

/*Table structure for table `a_com_reg` */


DROP TABLE IF EXISTS `a_com_reg`;

CREATE TABLE `a_com_reg` (
  `id` int(11) DEFAULT NULL,
  `com_id` varchar(40) NOT NULL,
  `current_id` varchar(40) DEFAULT NULL,
  `is_active` tinyint(1) DEFAULT '0',
  `req_on` timestamp NULL DEFAULT CURRENT_TIMESTAMP,
  `req_by` varchar(10) DEFAULT NULL,
  `app_on` timestamp NULL DEFAULT NULL,
  `app_by` varchar(10) DEFAULT NULL,
  `des` varchar(50) DEFAULT NULL,
  PRIMARY KEY (`com_id`)
) ENGINE=InnoDB DEFAULT CHARSET=latin1;


/*Data for the table `a_com_reg` */




/*Table structure for table `a_log_users` */


DROP TABLE IF EXISTS `a_log_users`;

CREATE TABLE `a_log_users` (
  `oc` smallint(5) unsigned NOT NULL,
  `last_login` int(11) DEFAULT NULL,
  `last_active` int(11) DEFAULT NULL,
  PRIMARY KEY (`oc`)
) ENGINE=MEMORY DEFAULT CHARSET=latin1;


/*Data for the table `a_log_users` */


LOCK TABLES `a_log_users` WRITE;


INSERT INTO `a_log_users` (`oc`, `last_login`, `last_active`) VALUES ('1', '1410943032', '1410949459'),('3', '1410775257', '1410778796');


UNLOCK TABLES;




/*Table structure for table `db` */


DROP TABLE IF EXISTS `db`;

CREATE TABLE `db` (
  `code` varchar(10) DEFAULT NULL,
  `db_name` varchar(100) DEFAULT NULL
) ENGINE=InnoDB DEFAULT CHARSET=latin1;


/*Data for the table `db` */


LOCK TABLES `db` WRITE;


INSERT INTO `db` (`code`, `db_name`) VALUES ('KT', 'tdmc'),('BA', 'tdmc'),('HA', 'tdmc'),('001', 'tdmc');


UNLOCK TABLES;




/*Table structure for table `m_bank_branch` */


DROP TABLE IF EXISTS `m_bank_branch`;

CREATE TABLE `m_bank_branch` (
  `bank_code` varchar(10) DEFAULT NULL,
  `code` varchar(10) NOT NULL DEFAULT '',
  `description` varchar(200) DEFAULT NULL,
  PRIMARY KEY (`code`),
  KEY `bank_code` (`bank_code`),
  CONSTRAINT `m_bank_branch_ibfk_1` FOREIGN KEY (`bank_code`) REFERENCES `m_banks` (`code`)
) ENGINE=InnoDB DEFAULT CHARSET=latin1;


/*Data for the table `m_bank_branch` */


LOCK TABLES `m_bank_branch` WRITE;


INSERT INTO `m_bank_branch` (`bank_code`, `code`, `description`) VALUES ('7010', '7010-001', 'Bank Of Ceylon - City Office'),('7010', '7010-002', 'Bank Of Ceylon - Kandy'),('7010', '7010-003', 'Bank Of Ceylon - Galle'),('7010', '7010-004', 'Bank Of Ceylon - Pettah'),('7010', '7010-005', 'Bank Of Ceylon - Jaffna'),('7010', '7010-006', 'Bank Of Ceylon - Trincomalee'),('7010', '7010-007', 'Bank Of Ceylon - Panadaura'),('7010', '7010-009', 'Bank Of Ceylon - Kurunegala'),('7010', '7010-010', 'Bank Of Ceylon - Savings Department'),('7010', '7010-011', 'Bank Of Ceylon - Badulla'),('7010', '7010-012', 'Bank Of Ceylon - Batticalioa'),('7010', '7010-015', 'Bank Of Ceylon - Central Office'),('7010', '7010-016', 'Bank Of Ceylon - Kalutara'),('7010', '7010-018', 'Bank Of Ceylon - Negambo'),('7010', '7010-020', 'Bank Of Ceylon - Chilaw'),('7010', '7010-021', 'Bank Of Ceylon - Ampara'),('7010', '7010-022', 'Bank Of Ceylon - Anuradhapura'),('7010', '7010-023', 'Bank Of Ceylon - Wellawatte'),('7010', '7010-024', 'Bank Of Ceylon - Matara'),('7010', '7010-025', 'Bank Of Ceylon - Prince Street'),('7010', '7010-026', 'Bank Of Ceylon - Main Street'),('7010', '7010-027', 'Bank Of Ceylon - Kegalle'),('7010', '7010-028', 'Bank Of Ceylon - Point Pedro'),('7010', '7010-029', 'Bank Of Ceylon - Nuwara Eliya'),('7010', '7010-030', 'Bank Of Ceylon - Katubedde'),('7010', '7010-031', 'Bank Of Ceylon - Ratnapura'),('7010', '7010-032', 'Bank Of Ceylon - Hulfsdrop'),('7010', '7010-034', 'Bank Of Ceylon - Kollupitiya'),('7010', '7010-035', 'Bank Of Ceylon - Haputale'),('7010', '7010-037', 'Bank Of Ceylon - Bambalapitiya'),('7010', '7010-038', 'Bank Of Ceylon - Borella'),('7010', '7010-039', 'Bank Of Ceylon - Ja-Ela'),('7010', '7010-040', 'Bank Of Ceylon - Hatton'),('7010', '7010-041', 'Bank Of Ceylon - Maradana'),('7010', '7010-042', 'Bank Of Ceylon - Peliyagoda'),('7010', '7010-043', 'Bank Of Ceylon - Union Place'),('7010', '7010-044', 'Bank Of Ceylon - Vavuniya'),('7010', '7010-045', 'Bank Of Ceylon - Gampaha'),('7010', '7010-046', 'Bank Of Ceylon - Mannar'),('7010', '7010-047', 'Bank Of Ceylon - Ambalangoda'),('7010', '7010-048', 'Bank Of Ceylon - Puttalam'),('7010', '7010-049', 'Bank Of Ceylon - Nugegoda'),('7010', '7010-050', 'Bank Of Ceylon - Nattandiya'),('7010', '7010-051', 'Bank Of Ceylon - Dehiwela'),('7010', '7010-052', 'Bank Of Ceylon - Kuliyapitiya'),('7010', '7010-053', 'Bank Of Ceylon - Chunnakam'),('7010', '7010-054', 'Bank Of Ceylon - Horana'),('7010', '7010-055', 'Bank Of Ceylon - Maharagama'),('7010', '7010-056', 'Bank Of Ceylon - Tangalle'),('7010', '7010-057', 'Bank Of Ceylon - Eheliyagoda'),('7010', '7010-058', 'Bank Of Ceylon - Beruwela'),('7010', '7010-059', 'Bank Of Ceylon - Kadawatha'),('7010', '7010-060', 'Bank Of Ceylon - Fifth City'),('7010', '7010-061', 'Bank Of Ceylon - Idama - Moratuwa'),('7010', '7010-063', 'Bank Of Ceylon - Kayts'),('7010', '7010-068', 'Bank Of Ceylon - Matale'),('7010', '7010-082', 'Bank Of Ceylon - Moneragala'),('7010', '7010-083', 'Bank Of Ceylon - Polonnaruwa, New Town'),('7010', '7010-085', 'Bank Of Ceylon - Hambantota'),('7010', '7010-087', 'Bank Of Ceylon - International Division'),('7010', '7010-088', 'Bank Of Ceylon - Mirigama'),('7010', '7010-089', 'Bank Of Ceylon - Galle Bazzar'),('7010', '7010-092', 'Bank Of Ceylon - Naula'),('7010', '7010-093', 'Bank Of Ceylon - Kilinochchi'),('7010', '7010-097', 'Bank Of Ceylon - Rajanganaya'),('7010', '7010-098', 'Bank Of Ceylon - New Town Anuradhapura'),('7010', '7010-099', 'Bank Of Ceylon - Primary Dealer Unit'),('7010', '7010-100', 'Bank Of Ceylon - Oruwala'),('7010', '7010-101', 'Bank Of Ceylon - Galaha'),('7010', '7010-102', 'Bank Of Ceylon - Bentota'),('7010', '7010-104', 'Bank Of Ceylon - Welpalla'),('7010', '7010-118', 'Bank Of Ceylon - Mutur'),('7010', '7010-122', 'Bank Of Ceylon - Galenbindunuwewa'),('7010', '7010-127', 'Bank Of Ceylon - Padavi Parakramapura'),('7010', '7010-135', 'Bank Of Ceylon - Imaduwa'),('7010', '7010-139', 'Bank Of Ceylon - Weeraketiya'),('7010', '7010-144', 'Bank Of Ceylon - Yatawatte'),('7010', '7010-146', 'Bank Of Ceylon -'),('7010', '7010-152', 'Bank Of Ceylon - Pemaduwa'),('7010', '7010-157', 'Bank Of Ceylon - Tirappane'),('7010', '7010-162', 'Bank Of Ceylon - Medawachchiya'),('7010', '7010-167', 'Bank Of Ceylon - Rikillagaskada'),('7010', '7010-172', 'Bank Of Ceylon - Kobeigane'),('7010', '7010-183', 'Bank Of Ceylon - Sewagama'),('7010', '7010-217', 'Bank Of Ceylon - Horowpothana'),('7010', '7010-236', 'Bank Of Ceylon - Ipalogama'),('7010', '7010-238', 'Bank Of Ceylon - Medagama'),('7010', '7010-250', 'Bank Of Ceylon - Tawalama'),('7010', '7010-257', 'Bank Of Ceylon - Mawathagama'),('7010', '7010-260', 'Bank Of Ceylon - Diyatalawa'),('7010', '7010-273', 'Bank Of Ceylon - Digana'),('7010', '7010-281', 'Bank Of Ceylon - Manipay'),('7010', '7010-293', 'Bank Of Ceylon - Dodangoda'),('7010', '7010-298', 'Bank Of Ceylon - Urubokka'),('7010', '7010-318', 'Bank Of Ceylon - Potuvil'),('7010', '7010-320', 'Bank Of Ceylon - Ballakatuwa'),('7010', '7010-322', 'Bank Of Ceylon - Tanamalwila'),('7010', '7010-325', 'Bank Of Ceylon - Kuruwita'),('7010', '7010-335', 'Bank Of Ceylon - Mihintale'),('7010', '7010-337', 'Bank Of Ceylon - Pussellawa'),('7010', '7010-340', 'Bank Of Ceylon - Wattegama'),('7010', '7010-342', 'Bank Of Ceylon - Pambahinna'),('7010', '7010-343', 'Bank Of Ceylon - Uva Paranagama'),('7010', '7010-348', 'Bank Of Ceylon - Padiyatalawa'),('7010', '7010-365', 'Bank Of Ceylon - Hasalaka'),('7010', '7010-379', 'Bank Of Ceylon - Wariyapola'),('7010', '7010-384', 'Bank Of Ceylon - Karametiya'),('7010', '7010-401', 'Bank Of Ceylon - Ayagama'),('7010', '7010-416', 'Bank Of Ceylon - Siyambalanduwa'),('7010', '7010-421', 'Bank Of Ceylon - Seeduwa'),('7010', '7010-425', 'Bank Of Ceylon - Pundaluoya'),('7010', '7010-432', 'Bank Of Ceylon - Galewela'),('7010', '7010-433', 'Bank Of Ceylon - Divulapitiya'),('7010', '7010-434', 'Bank Of Ceylon - Wellawaya'),('7010', '7010-440', 'Bank Of Ceylon - Sammanthurai'),('7010', '7010-453', 'Bank Of Ceylon - Torrington Square'),('7010', '7010-463', 'Bank Of Ceylon - Haldummulla'),('7010', '7010-476', 'Bank Of Ceylon - Ettampitiya'),('7010', '7010-477', 'Bank Of Ceylon - Yatiyantota'),('7010', '7010-492', 'Bank Of Ceylon - Padiyapelella'),('7010', '7010-494', 'Bank Of Ceylon - Andiambalama'),('7010', '7010-497', 'Bank Of Ceylon - Dankotuwa'),('7010', '7010-498', 'Bank Of Ceylon - Alawwa'),('7010', '7010-500', 'Bank Of Ceylon - Jaffna Second Branch'),('7010', '7010-501', 'Bank Of Ceylon - Chavakachcheri'),('7010', '7010-502', 'Bank Of Ceylon - Kaduruwela'),('7010', '7010-503', 'Bank Of Ceylon - Passara'),('7010', '7010-504', 'Bank Of Ceylon - Devinuwara'),('7010', '7010-505', 'Bank Of Ceylon - Wattala'),('7010', '7010-506', 'Bank Of Ceylon - Maskeliya'),('7010', '7010-507', 'Bank Of Ceylon - Kahawatte'),('7010', '7010-508', 'Bank Of Ceylon - Wennappuwa'),('7010', '7010-509', 'Bank Of Ceylon - Hingurana'),('7010', '7010-510', 'Bank Of Ceylon - Kalmunai'),('7010', '7010-511', 'Bank Of Ceylon - Mullaitivu'),('7010', '7010-512', 'Bank Of Ceylon - Thimbirigasyaya'),('7010', '7010-513', 'Bank Of Ceylon - Kurunegala Bazzar'),('7010', '7010-514', 'Bank Of Ceylon - Galnewa'),('7010', '7010-515', 'Bank Of Ceylon - Bandarawela'),('7010', '7010-517', 'Bank Of Ceylon - Walasmulla'),('7010', '7010-518', 'Bank Of Ceylon - Middeniya'),('7010', '7010-521', 'Bank Of Ceylon - Hyde Park'),('7010', '7010-522', 'Bank Of Ceylon - Batapola'),('7010', '7010-524', 'Bank Of Ceylon - Geli Oya'),('7010', '7010-525', 'Bank Of Ceylon - Baddegama'),('7010', '7010-526', 'Bank Of Ceylon - Polgahawela'),('7010', '7010-527', 'Bank Of Ceylon - Welisara'),('7010', '7010-528', 'Bank Of Ceylon - Deniyaya'),('7010', '7010-529', 'Bank Of Ceylon - Kamburupitiya'),('7010', '7010-530', 'Bank Of Ceylon - Avissawella'),('7010', '7010-531', 'Bank Of Ceylon - Talawakelle'),('7010', '7010-532', 'Bank Of Ceylon - Ridigama'),('7010', '7010-534', 'Bank Of Ceylon - Narammala'),('7010', '7010-535', 'Bank Of Ceylon - Embilipitiya'),('7010', '7010-536', 'Bank Of Ceylon - Kegalle Bazzar'),('7010', '7010-537', 'Bank Of Ceylon - Ambalantota'),('7010', '7010-538', 'Bank Of Ceylon - Tissamaharama'),('7010', '7010-539', 'Bank Of Ceylon - Beliatta'),('7010', '7010-540', 'Bank Of Ceylon - Badalkumbura'),('7010', '7010-542', 'Bank Of Ceylon - Mahiyangana'),('7010', '7010-543', 'Bank Of Ceylon - Kiribathgoda'),('7010', '7010-544', 'Bank Of Ceylon - Madampe'),('7010', '7010-545', 'Bank Of Ceylon - Minuwangoda'),('7010', '7010-546', 'Bank Of Ceylon - Pannala'),('7010', '7010-547', 'Bank Of Ceylon - Nikaweratiya'),('7010', '7010-548', 'Bank Of Ceylon - Anamaduwa'),('7010', '7010-549', 'Bank Of Ceylon - Galgamuwa'),('7010', '7010-550', 'Bank Of Ceylon - Weligama'),('7010', '7010-551', 'Bank Of Ceylon - Anuradhapura Bazaar'),('7010', '7010-553', 'Bank Of Ceylon - Giriulla'),('7010', '7010-554', 'Bank Of Ceylon - Bingiriya'),('7010', '7010-555', 'Bank Of Ceylon - Melsiripura'),('7010', '7010-556', 'Bank Of Ceylon - Matugama'),('7010', '7010-558', 'Bank Of Ceylon - Waikkal'),('7010', '7010-559', 'Bank Of Ceylon - Mawanella'),('7010', '7010-560', 'Bank Of Ceylon - Buttala'),('7010', '7010-561', 'Bank Of Ceylon - Dematagoda'),('7010', '7010-562', 'Bank Of Ceylon - Warakapola'),('7010', '7010-563', 'Bank Of Ceylon - Dharga Town'),('7010', '7010-564', 'Bank Of Ceylon - Maho'),('7010', '7010-565', 'Bank Of Ceylon - Madurankuliya'),('7010', '7010-566', 'Bank Of Ceylon - Aranayake'),('7010', '7010-568', 'Bank Of Ceylon - Homagama'),('7010', '7010-569', 'Bank Of Ceylon - Hiripitiya'),('7010', '7010-570', 'Bank Of Ceylon - Hettipola'),('7010', '7010-571', 'Bank Of Ceylon - Kirindiwela'),('7010', '7010-572', 'Bank Of Ceylon - Negambo Bazzar'),('7010', '7010-573', 'Bank Of Ceylon - Central Bus Stand'),('7010', '7010-574', 'Bank Of Ceylon - Mankulam'),('7010', '7010-575', 'Bank Of Ceylon - Gampola'),('7010', '7010-576', 'Bank Of Ceylon - Dambulla'),('7010', '7010-577', 'Bank Of Ceylon - Lunugala'),('7010', '7010-578', 'Bank Of Ceylon - Yakkalamulla'),('7010', '7010-579', 'Bank Of Ceylon - Bibila'),('7010', '7010-580', 'Bank Of Ceylon - Dummalasuriya'),('7010', '7010-581', 'Bank Of Ceylon - Madawala'),('7010', '7010-582', 'Bank Of Ceylon - Rambukkana'),('7010', '7010-583', 'Bank Of Ceylon - Pelmadulla'),('7010', '7010-584', 'Bank Of Ceylon - Wadduwa'),('7010', '7010-585', 'Bank Of Ceylon - Ruwanwella'),('7010', '7010-587', 'Bank Of Ceylon - Pilimatalawa'),('7010', '7010-588', 'Bank Of Ceylon - Peradeniya'),('7010', '7010-589', 'Bank Of Ceylon - Kalpitiya'),('7010', '7010-590', 'Bank Of Ceylon - Akkaraipattu'),('7010', '7010-591', 'Bank Of Ceylon - Nintavur'),('7010', '7010-592', 'Bank Of Ceylon - Dickwella'),('7010', '7010-593', 'Bank Of Ceylon - Milagiriya'),('7010', '7010-594', 'Bank Of Ceylon - Rakwana'),('7010', '7010-595', 'Bank Of Ceylon - Kolonnawa'),('7010', '7010-596', 'Bank Of Ceylon - Talgaswela'),('7010', '7010-597', 'Bank Of Ceylon - Nivitigala'),('7010', '7010-598', 'Bank Of Ceylon - Nawalapitiya'),('7010', '7010-599', 'Bank Of Ceylon - Aralaganwila'),('7010', '7010-600', 'Bank Of Ceylon - Jayanthipura'),('7010', '7010-601', 'Bank Of Ceylon - Hingurakgoda'),('7010', '7010-604', 'Bank Of Ceylon - Ingiriya'),('7010', '7010-605', 'Bank Of Ceylon - Kankasanthurai'),('7010', '7010-606', 'Bank Of Ceylon - Udu Dumbara'),('7010', '7010-607', 'Bank Of Ceylon - Panadura Bazzar'),('7010', '7010-608', 'Bank Of Ceylon - Kaduwela'),('7010', '7010-609', 'Bank Of Ceylon - Hikkaduwa'),('7010', '7010-610', 'Bank Of Ceylon - Pitigala'),('7010', '7010-611', 'Bank Of Ceylon - Kaluwanchikudy'),('7010', '7010-612', 'Bank Of Ceylon - Lake View Branch'),('7010', '7010-613', 'Bank Of Ceylon - Akuressa'),('7010', '7010-614', 'Bank Of Ceylon - Matara Bazzar'),('7010', '7010-615', 'Bank Of Ceylon - Galagedera'),('7010', '7010-616', 'Bank Of Ceylon - Kataragama'),('7010', '7010-617', 'Bank Of Ceylon - Metropolitan Br. (York St.)'),('7010', '7010-618', 'Bank Of Ceylon - Metropolitan Br. (York St.)'),('7010', '7010-619', 'Bank Of Ceylon - Elpitiya'),('7010', '7010-621', 'Bank Of Ceylon - Kebithigollawa'),('7010', '7010-622', 'Bank Of Ceylon - Khatagasdigiliya'),('7010', '7010-623', 'Bank Of Ceylon - Kantalai Bazzar'),('7010', '7010-624', 'Bank Of Ceylon - Trincomalee Bazzar'),('7010', '7010-626', 'Bank Of Ceylon - Valachchenai'),('7010', '7010-627', 'Bank Of Ceylon - Regent Street'),('7010', '7010-628', 'Bank Of Ceylon - Grandpass'),('7010', '7010-629', 'Bank Of Ceylon - Koslanda'),('7010', '7010-630', 'Bank Of Ceylon - Chenkalady'),('7010', '7010-633', 'Bank Of Ceylon - Kandapola'),('7010', '7010-634', 'Bank Of Ceylon - Dehiowita'),('7010', '7010-636', 'Bank Of Ceylon - Lake House Branch'),('7010', '7010-638', 'Bank Of Ceylon - Nelliady'),('7010', '7010-639', 'Bank Of Ceylon - Rattota'),('7010', '7010-640', 'Bank Of Ceylon - Palepola'),('7010', '7010-641', 'Bank Of Ceylon - Medirigiriya'),('7010', '7010-642', 'Bank Of Ceylon - Deraniyagala'),('7010', '7010-644', 'Bank Of Ceylon - Parliamentary Complex'),('7010', '7010-645', 'Bank Of Ceylon - Kalawana'),('7010', '7010-646', 'Bank Of Ceylon - Ginigathhena'),('7010', '7010-647', 'Bank Of Ceylon - Lunuwatte'),('7010', '7010-648', 'Bank Of Ceylon - Kattankudy'),('7010', '7010-649', 'Bank Of Ceylon - Kandy 2nd City'),('7010', '7010-650', 'Bank Of Ceylon - Talatuoya'),('7010', '7010-652', 'Bank Of Ceylon - Bakamuna'),('7010', '7010-653', 'Bank Of Ceylon - Galkiriyagama'),('7010', '7010-654', 'Bank Of Ceylon - Madatugama'),('7010', '7010-655', 'Bank Of Ceylon - Tambuttegama'),('7010', '7010-656', 'Bank Of Ceylon - Nochchiyagama'),('7010', '7010-657', 'Bank Of Ceylon - Agalawatta'),('7010', '7010-658', 'Bank Of Ceylon - Katunayake Investment Br.'),('7010', '7010-660', 'Bank Of Ceylon - Corporate Branch'),('7010', '7010-663', 'Bank Of Ceylon - Kotahena'),('7010', '7010-664', 'Bank Of Ceylon - Pothuhera'),('7010', '7010-665', 'Bank Of Ceylon - Bandaragama'),('7010', '7010-666', 'Bank Of Ceylon - Katugastota'),('7010', '7010-667', 'Bank Of Ceylon - Neluwa'),('7010', '7010-668', 'Bank Of Ceylon - Borella 2nd Branch'),('7010', '7010-669', 'Bank Of Ceylon - Girandurukotte'),('7010', '7010-670', 'Bank Of Ceylon - Kollupitiya 2nd Branch'),('7010', '7010-672', 'Bank Of Ceylon - Central Super Market Branch'),('7010', '7010-673', 'Bank Of Ceylon - Bulathsinhala'),('7010', '7010-675', 'Bank Of Ceylon - Nittambuwa'),('7010', '7010-676', 'Bank Of Ceylon - Kekirawa'),('7010', '7010-678', 'Bank Of Ceylon - Padukka'),('7010', '7010-679', 'Bank Of Ceylon - Battaramulla'),('7010', '7010-680', 'Bank Of Ceylon - Aluthgama'),('7010', '7010-681', 'Bank Of Ceylon - Personal Br., New HQ Bldg.'),('7010', '7010-682', 'Bank Of Ceylon - Veyangoda'),('7010', '7010-683', 'Bank Of Ceylon - Pelmadulla'),('7010', '7010-684', 'Bank Of Ceylon - Ratnapura Bazzar'),('7010', '7010-686', 'Bank Of Ceylon - Dehiattakandiya'),('7010', '7010-688', 'Bank Of Ceylon - Balangoda'),('7010', '7010-689', 'Bank Of Ceylon - Ratmalana'),('7010', '7010-690', 'Bank Of Ceylon - Pelawatta'),('7010', '7010-691', 'Bank Of Ceylon - Hakmana'),('7010', '7010-692', 'Bank Of Ceylon - Eppawala'),('7010', '7010-693', 'Bank Of Ceylon - Ruhunu Campus Branch'),('7010', '7010-728', 'Bank Of Ceylon - Meegallewa'),('7010', '7010-730', 'Bank Of Ceylon - Welimada'),('7010', '7010-731', 'Bank Of Ceylon - CEYBANK Credit Card Centre'),('7010', '7010-732', 'Bank Of Ceylon - Biyagama'),('7010', '7010-735', 'Bank Of Ceylon - Kinniya'),('7010', '7010-736', 'Bank Of Ceylon - Piliyandala'),('7010', '7010-741', 'Bank Of Ceylon - Hanwella'),('7010', '7010-743', 'Bank Of Ceylon - Walapone'),('7010', '7010-745', 'Bank Of Ceylon - Kotiyakumbura'),('7010', '7010-746', 'Bank Of Ceylon - Rajagiriya'),('7010', '7010-747', 'Bank Of Ceylon - Taprobane Branch'),('7010', '7010-749', 'Bank Of Ceylon - Karainagar'),('7010', '7010-750', 'Bank Of Ceylon - Koggala EPZ'),('7010', '7010-754', 'Bank Of Ceylon - Ahungalla'),('7010', '7010-757', 'Bank Of Ceylon - Athurugiriya'),('7010', '7010-760', 'Bank Of Ceylon - Treasury Division'),('7010', '7010-761', 'Bank Of Ceylon - Thirunelvely'),('7010', '7010-762', 'Bank Of Ceylon - Narahenpita'),('7010', '7010-763', 'Bank Of Ceylon - Malabe'),('7010', '7010-764', 'Bank Of Ceylon - Ragama'),('7010', '7010-765', 'Bank Of Ceylon - Pugoda'),('7010', '7010-766', 'Bank Of Ceylon - Mt.Lavinia'),('7010', '7010-768', 'Bank Of Ceylon - Alawattugoda'),('7010', '7010-769', 'Bank Of Ceylon - Yakkala'),('7010', '7010-770', 'Bank Of Ceylon - Ibbagamuwa'),('7010', '7010-771', 'Bank Of Ceylon - Kandana'),('7010', '7010-772', 'Bank Of Ceylon - Hemmathagama'),('7010', '7010-773', 'Bank Of Ceylon - Kottawa Branch'),('7010', '7010-774', 'Bank Of Ceylon - Angunaklapelessa'),('7010', '7010-776', 'Bank Of Ceylon - Islamic Banking'),('7010', '7010-779', 'Bank Of Ceylon - Nuraicholai'),('7010', '7010-822', 'Bank Of Ceylon - Corporate 2nd Branch'),('7038', '7038-001', 'Standard Chartered Bank - Head Office'),('7038', '7038-002', 'Standard Chartered Bank - Bambalapitiya'),('7038', '7038-003', 'Standard Chartered Bank - Wellawatte'),('7038', '7038-004', 'Standard Chartered Bank - Kiribathgoda'),('7038', '7038-005', 'Standard Chartered Bank - Kirullapone'),('7038', '7038-006', 'Standard Chartered Bank - Moratuwa'),('7038', '7038-007', 'Standard Chartered Bank - Rajagiriya'),('7038', '7038-008', 'Standard Chartered Bank - Kollupitiya'),('7038', '7038-010', 'Standard Chartered Bank - Petta'),('7038', '7038-011', 'Standard Chartered Bank - Union Place'),('7038', '7038-012', 'Standard Chartered Bank - Negombo'),('7047', '7047-001', 'City Bank - Colombo 7'),('7056', '7056-', 'Commercial Bank - Puttalam'),('7056', '7056-001', 'Commercial Bank - Head Office'),('7056', '7056-002', 'Commercial Bank - City Office'),('7056', '7056-003', 'Commercial Bank - Foreign Branch'),('7056', '7056-004', 'Commercial Bank - Kandy'),('7056', '7056-005', 'Commercial Bank - Galle'),('7056', '7056-006', 'Commercial Bank - Juffna'),('7056', '7056-007', 'Commercial Bank - Matara'),('7056', '7056-008', 'Commercial Bank - Matale'),('7056', '7056-009', 'Commercial Bank - Galewela'),('7056', '7056-010', 'Commercial Bank - Wellawatte'),('7056', '7056-011', 'Commercial Bank - Kollupitiya'),('7056', '7056-012', 'Commercial Bank - Kotahena'),('7056', '7056-013', 'Commercial Bank - Negombo'),('7056', '7056-014', 'Commercial Bank - Hikkaduwa'),('7056', '7056-015', 'Commercial Bank - Hingurakgoda'),('7056', '7056-016', 'Commercial Bank - Kurunegala'),('7056', '7056-017', 'Commercial Bank - Old Moor Street'),('7056', '7056-018', 'Commercial Bank - Maharagama'),('7056', '7056-019', 'Commercial Bank - Borella'),('7056', '7056-020', 'Commercial Bank - Nugegoda'),('7056', '7056-021', 'Commercial Bank - Kegalle'),('7056', '7056-022', 'Commercial Bank - Narahenpita'),('7056', '7056-023', 'Commercial Bank - Mutuwal'),('7056', '7056-024', 'Commercial Bank - Pettah'),('7056', '7056-025', 'Commercial Bank - Katunayake FTZ'),('7056', '7056-026', 'Commercial Bank - Wennappuwa'),('7056', '7056-027', 'Commercial Bank - Galle Sub Branch'),('7056', '7056-028', 'Commercial Bank - Koggala'),('7056', '7056-029', 'Commercial Bank - Battaramulla'),('7056', '7056-030', 'Commercial Bank - Embilipitiya'),('7056', '7056-031', 'Commercial Bank - Kandana'),('7056', '7056-032', 'Commercial Bank - Maradana'),('7056', '7056-033', 'Commercial Bank - Minuwangoda'),('7056', '7056-034', 'Commercial Bank - Nuwara Eliya'),('7056', '7056-035', 'Commercial Bank - Akuressa'),('7056', '7056-036', 'Commercial Bank - Kalutara'),('7056', '7056-037', 'Commercial Bank - Trincomalee'),('7056', '7056-038', 'Commercial Bank - Panchikawatte'),('7056', '7056-039', 'Commercial Bank - Keyzer Street'),('7056', '7056-040', 'Commercial Bank - Aluthgama'),('7056', '7056-041', 'Commercial Bank - Panadura'),('7056', '7056-042', 'Commercial Bank - Kaduwela'),('7056', '7056-043', 'Commercial Bank - Chilaw'),('7056', '7056-044', 'Commercial Bank - Gampaha'),('7056', '7056-045', 'Commercial Bank - Katugastota'),('7056', '7056-046', 'Commercial Bank - Ratmalana'),('7056', '7056-047', 'Commercial Bank - Kirulapana'),('7056', '7056-048', 'Commercial Bank - Union Place'),('7056', '7056-049', 'Commercial Bank - Ratnapura'),('7056', '7056-050', 'Commercial Bank - Colombo 07'),('7056', '7056-051', 'Commercial Bank - Kuliyapitiya'),('7056', '7056-052', 'Commercial Bank - Badulla'),('7056', '7056-053', 'Commercial Bank - Anuradhapura'),('7056', '7056-054', 'Commercial Bank - Dambulla'),('7056', '7056-055', 'Commercial Bank - Nattandiya'),('7056', '7056-056', 'Commercial Bank - Wattala'),('7056', '7056-057', 'Commercial Bank - Grandpass'),('7056', '7056-058', 'Commercial Bank - Dehiwala'),('7056', '7056-059', 'Commercial Bank - Moratuwa'),('7056', '7056-060', 'Commercial Bank - Narammala'),('7056', '7056-061', 'Commercial Bank - Vavuniya'),('7056', '7056-062', 'Commercial Bank - Rajagiriya'),('7056', '7056-063', 'Commercial Bank - Ambalanthota'),('7056', '7056-064', 'Commercial Bank - Seeduwa'),('7056', '7056-065', 'Commercial Bank - Nittambuwa'),('7056', '7056-066', 'Commercial Bank - Mirigama'),('7056', '7056-067', 'Commercial Bank - Kadawatha'),('7056', '7056-068', 'Commercial Bank - Duplication Road'),('7056', '7056-069', 'Commercial Bank - Kiribathgoda'),('7056', '7056-070', 'Commercial Bank - Avissawella'),('7056', '7056-071', 'Commercial Bank - Ekala'),('7056', '7056-072', 'Commercial Bank - Pettah Main Street'),('7056', '7056-073', 'Commercial Bank - Peradeniya'),('7056', '7056-074', 'Commercial Bank - Kochchikade (C.S.P)'),('7056', '7056-075', 'Commercial Bank - Homagama'),('7056', '7056-076', 'Commercial Bank - Horana'),('7056', '7056-077', 'Commercial Bank - Piliyandala'),('7056', '7056-078', 'Commercial Bank - Thalawathugoda'),('7056', '7056-079', 'Commercial Bank - Mawanella'),('7056', '7056-080', 'Commercial Bank - Bandarawela'),('7056', '7056-081', 'Commercial Bank - Ja-Ela'),('7056', '7056-082', 'Commercial Bank - Balangoda'),('7056', '7056-083', 'Commercial Bank - Nikaweratiya'),('7056', '7056-084', 'Commercial Bank - Bandaragama'),('7056', '7056-085', 'Commercial Bank - Yakkala'),('7056', '7056-086', 'Commercial Bank - Malabe'),('7056', '7056-087', 'Commercial Bank - Kohuwala'),('7056', '7056-088', 'Commercial Bank - Kaduruwela'),('7056', '7056-089', 'Commercial Bank - Nawalapitiya'),('7056', '7056-093', 'Commercial Bank - Mt.Lavinia'),('7056', '7056-096', 'Commercial Bank - Mathugama'),('7056', '7056-097', 'Commercial Bank - Ambalangoda'),('7056', '7056-098', 'Commercial Bank - Baddegama'),('7056', '7056-100', 'Commercial Bank - Ampara'),('7056', '7056-101', 'Commercial Bank - Nawala'),('7056', '7056-102', 'Commercial Bank - Gampola'),('7056', '7056-103', 'Commercial Bank - Elpitiya'),('7056', '7056-104', 'Commercial Bank - Kamburupitiya'),('7056', '7056-105', 'Commercial Bank - Batticaloa'),('7056', '7056-106', 'Commercial Bank - Bambalapitiya'),('7056', '7056-107', 'Commercial Bank - Chunakkam'),('7056', '7056-108', 'Commercial Bank - Nelliady'),('7056', '7056-109', 'Commercial Bank - Pilimathalawa'),('7056', '7056-110', 'Commercial Bank - Kekirawa'),('7056', '7056-111', 'Commercial Bank - Deniyaya'),('7056', '7056-112', 'Commercial Bank - Weligama'),('7056', '7056-113', 'Commercial Bank - Baseline Road (CSP)'),('7056', '7056-114', 'Commercial Bank - Katubedda'),('7056', '7056-115', 'Commercial Bank - Hatton'),('7056', '7056-116', 'Commercial Bank - Reid Avenue'),('7056', '7056-117', 'Commercial Bank - Pitakotte (CSP)'),('7056', '7056-118', 'Commercial Bank - Negombo'),('7056', '7056-119', 'Commercial Bank - Kotikawatta'),('7056', '7056-120', 'Commercial Bank - Monaragala'),('7056', '7056-121', 'Commercial Bank - Galle'),('7056', '7056-122', 'Commercial Bank - Kurunagala (C.S.P)'),('7056', '7056-123', 'Commercial Bank - Tangalle'),('7056', '7056-124', 'Commercial Bank - Tissamaharama'),('7056', '7056-125', 'Commercial Bank - Neluwa'),('7056', '7056-126', 'Commercial Bank - Chavakachcheri'),('7056', '7056-127', 'Commercial Bank - Jaffa (C.S.P)'),('7056', '7056-128', 'Commercial Bank - Warakapola'),('7056', '7056-129', 'Commercial Bank - Udugama'),('7056', '7056-130', 'Commercial Bank - Athurugiriya'),('7056', '7056-131', 'Commercial Bank - Raddolugama (C.S.P)'),('7056', '7056-132', 'Commercial Bank - Boralesgamuwa (CSP)'),('7056', '7056-133', 'Commercial Bank - Kahawatte'),('7056', '7056-134', 'Commercial Bank - Delkanda (C.S.P)'),('7056', '7056-135', 'Commercial Bank - Karapitiya'),('7056', '7056-136', 'Commercial Bank - Welimada'),('7056', '7056-137', 'Commercial Bank - Mahiyanganaya'),('7056', '7056-138', 'Commercial Bank - Kalawana'),('7056', '7056-140', 'Commercial Bank - Digana'),('7056', '7056-142', 'Commercial Bank - Boralesgamuwa'),('7056', '7056-146', 'Commercial Bank - Wadduwa'),('7056', '7056-147', 'Commercial Bank - Biyagama'),('7056', '7056-148', 'Commercial Bank - Puttalam'),('7056', '7056-149', 'Commercial Bank - Pelmadulla'),('7056', '7056-150', 'Commercial Bank - Kandy City Office'),('7056', '7056-151', 'Commercial Bank - Matara City'),('7056', '7056-152', 'Commercial Bank - Kalmunai'),('7056', '7056-159', 'Commercial Bank - Valachcheni'),('7056', '7056-160', 'Commercial Bank - Wellawaya'),('7056', '7056-162', 'Commercial Bank - Thambuththegama'),('7056', '7056-163', 'Commercial Bank - Ruwanwella'),('7056', '7056-164', 'Commercial Bank - Colombo'),('7056', '7056-172', 'Commercial Bank - akkaraipattu'),('7056', '7056-206', 'Commercial Bank - Palavi (C.S.P)'),('7056', '7056-216', 'Commercial Bank - Ramanayake Mawatha'),('7056', '7056-220', 'Commercial Bank - Beruwala Minicom'),('7056', '7056-254', 'Commercial Bank - Anniwatte (C.S.P)'),('7056', '7056-255', 'Commercial Bank - Kundasale (C.S.P)'),('7074', '7074-003', 'HBL - Kalmunai'),('7083', '7083-', 'HNB -'),('7083', '7083-001', 'HNB - Aluth Kade'),('7083', '7083-002', 'HNB - City Office'),('7083', '7083-003', 'HNB - Head Office Branch'),('7083', '7083-004', 'HNB - Head Office'),('7083', '7083-005', 'HNB - Main Branch'),('7083', '7083-006', 'HNB - Maligawatte'),('7083', '7083-007', 'HNB - Pettah'),('7083', '7083-008', 'HNB - Suduwella'),('7083', '7083-009', 'HNB - Wellawatte'),('7083', '7083-010', 'HNB - Anuradhapura'),('7083', '7083-011', 'HNB - Badulla'),('7083', '7083-012', 'HNB - Bandarawela'),('7083', '7083-013', 'HNB - Galle'),('7083', '7083-014', 'HNB - Gampola'),('7083', '7083-015', 'HNB - Hatton'),('7083', '7083-016', 'HNB - Jaffna'),('7083', '7083-017', 'HNB - Kahawatte'),('7083', '7083-018', 'HNB - KAndy'),('7083', '7083-019', 'HNB - Kurunegala'),('7083', '7083-020', 'HNB - Mannar'),('7083', '7083-021', 'HNB - Maskeliya'),('7083', '7083-022', 'HNB - Moratuwa'),('7083', '7083-023', 'HNB - Nawalapitiya'),('7083', '7083-024', 'HNB - Negombo'),('7083', '7083-025', 'HNB - Nittambuwa'),('7083', '7083-026', 'HNB - Nochchiyagama'),('7083', '7083-027', 'HNB - Nugegoda'),('7083', '7083-028', 'HNB - Nuwara Eliya'),('7083', '7083-029', 'HNB - Pusellawa'),('7083', '7083-030', 'HNB - Ratnapura'),('7083', '7083-031', 'HNB - Trincomalee'),('7083', '7083-032', 'HNB - Vavuniya'),('7083', '7083-033', 'HNB - Welimada'),('7083', '7083-034', 'HNB - Kalutara'),('7083', '7083-035', 'HNB - Wattala'),('7083', '7083-036', 'HNB - Sri Jayawardanapura'),('7083', '7083-038', 'HNB - Piliyandala'),('7083', '7083-039', 'HNB - Bambalapitiya'),('7083', '7083-040', 'HNB - Chilaw'),('7083', '7083-041', 'HNB - Kegalle'),('7083', '7083-042', 'HNB - Matara'),('7083', '7083-043', 'HNB - Kirulapone'),('7083', '7083-044', 'HNB - Polonnaruwa'),('7083', '7083-045', 'HNB - Ambalantota'),('7083', '7083-046', 'HNB - Grandpass'),('7083', '7083-047', 'HNB - Biyagama'),('7083', '7083-048', 'HNB - Dambulla'),('7083', '7083-049', 'HNB - Air Cargo Village'),('7083', '7083-050', 'HNB - Embilipitiya'),('7083', '7083-051', 'HNB - Gampaha'),('7083', '7083-052', 'HNB - Horana'),('7083', '7083-053', 'HNB - Monaragala'),('7083', '7083-055', 'HNB - Borella'),('7083', '7083-056', 'HNB - Kiribathgoda'),('7083', '7083-057', 'HNB - Batticaloa'),('7083', '7083-058', 'HNB - Ampara'),('7083', '7083-059', 'HNB - Panchikawatta'),('7083', '7083-060', 'HNB - Bogawanthalawa'),('7083', '7083-061', 'HNB - Mt.Lavinia'),('7083', '7083-062', 'HNB - Kollupitiya'),('7083', '7083-063', 'HNB - Hulftsdrop'),('7083', '7083-064', 'HNB - Maharagama'),('7083', '7083-065', 'HNB - MAtale'),('7083', '7083-066', 'HNB - Pinnawala'),('7083', '7083-067', 'HNB - Suriyawewa'),('7083', '7083-068', 'HNB - Hambantota'),('7083', '7083-069', 'HNB - Panadura'),('7083', '7083-070', 'HNB - Dankotuwa'),('7083', '7083-071', 'HNB - Balangoda'),('7083', '7083-072', 'HNB - Sea Street'),('7083', '7083-073', 'HNB - Moratumulla'),('7083', '7083-074', 'HNB - Kuliyapitiya'),('7083', '7083-075', 'HNB - Buttala'),('7083', '7083-076', 'HNB - Cinnamon Gardens'),('7083', '7083-077', 'HNB - Homagama'),('7083', '7083-078', 'HNB - Akkaraipathhtu'),('7083', '7083-079', 'HNB - Maradagahamula'),('7083', '7083-080', 'HNB - Marawila'),('7083', '7083-081', 'HNB - ambalangoda'),('7083', '7083-082', 'HNB - Kaduwela'),('7083', '7083-083', 'HNB - Puttalam'),('7083', '7083-084', 'HNB - Kadawatha'),('7083', '7083-085', 'HNB - Thalangama'),('7083', '7083-086', 'HNB - Thangalle'),('7083', '7083-087', 'HNB - Ja Ela'),('7083', '7083-088', 'HNB - Thambuttegama'),('7083', '7083-089', 'HNB - Mawanella'),('7083', '7083-090', 'HNB - Thissamaharama'),('7083', '7083-091', 'HNB - Kalmunai'),('7083', '7083-092', 'HNB - Thimbirigasyaya'),('7083', '7083-093', 'HNB - Dehiwala'),('7083', '7083-094', 'HNB - Minuwangoda'),('7083', '7083-095', 'HNB - Kanthali'),('7083', '7083-096', 'HNB - Kotahena'),('7083', '7083-097', 'HNB - Mutwal'),('7083', '7083-098', 'HNB - Kottawa'),('7083', '7083-099', 'HNB - Kirindiwela'),('7083', '7083-100', 'HNB - Katugastota'),('7083', '7083-101', 'HNB - Pelmadulla'),('7083', '7083-102', 'HNB - Ragama'),('7083', '7083-103', 'HNB - Dematagoda'),('7083', '7083-104', 'HNB - Narahenpitiya'),('7083', '7083-106', 'HNB - Wellawaya'),('7083', '7083-107', 'HNB - Elpitiya'),('7083', '7083-108', 'HNB - Maradana'),('7083', '7083-109', 'HNB - Aluthgama'),('7083', '7083-110', 'HNB - Wennappuwa'),('7083', '7083-111', 'HNB - Avissawella'),('7083', '7083-112', 'HNB - Boralesgamuwa'),('7083', '7083-114', 'HNB - Central Colombo Branch'),('7083', '7083-115', 'HNB - Kollupitiya'),('7083', '7083-116', 'HNB - Colombo South Branch'),('7083', '7083-117', 'HNB - Chunnakam'),('7083', '7083-118', 'HNB - Nelliady'),('7083', '7083-120', 'HNB - Deniyaya'),('7083', '7083-121', 'HNB - Nikaweratiya'),('7083', '7083-122', 'HNB - Delgoda'),('7083', '7083-123', 'HNB - Alawwa'),('7083', '7083-124', 'HNB - Mahiyangana'),('7083', '7083-125', 'HNB - Mathugama'),('7083', '7083-126', 'HNB - Warakapola'),('7083', '7083-127', 'HNB - Middeniya'),('7083', '7083-128', 'HNB - Galgamuwa'),('7083', '7083-130', 'HNB - Weliweriya'),('7083', '7083-135', 'HNB - Chenkaladi'),('7083', '7083-136', 'HNB - Ganemulla'),('7083', '7083-138', 'HNB - Kelaniya'),('7083', '7083-139', 'HNB - HANWELLA'),('7083', '7083-141', 'HNB - Pilimatalawa'),('7083', '7083-143', 'HNB - Madawachchiya'),('7083', '7083-149', 'HNB - Galewela'),('7083', '7083-151', 'HNB - Akuressa'),('7083', '7083-153', 'HNB - Wariyapola'),('7083', '7083-158', 'HNB - Pottuvil'),('7083', '7083-159', 'HNB - Nintavur'),('7083', '7083-162', 'HNB - Rikilla'),('7083', '7083-165', 'HNB - Kaluwanchikudy'),('7083', '7083-167', 'HNB - Valachenai'),('7083', '7083-176', 'HNB - Digana'),('7083', '7083-178', 'HNB - Dikwella'),('7092', '7092-001', 'HSBC - Colombo'),('7092', '7092-002', 'HSBC - Kandy'),('7135', '7135-001', 'Peoples Bank - Duke Street'),('7135', '7135-002', 'Peoples Bank - Matale'),('7135', '7135-003', 'Peoples Bank - Kandy'),('7135', '7135-004', 'Peoples Bank - International Div.'),('7135', '7135-005', 'Peoples Bank - Polonnaruwa'),('7135', '7135-006', 'Peoples Bank - Hingurakgoda'),('7135', '7135-007', 'Peoples Bank - Hambantota'),('7135', '7135-008', 'Peoples Bank - Anuradhapura'),('7135', '7135-009', 'Peoples Bank - Puttalam'),('7135', '7135-011', 'Peoples Bank - Bibila'),('7135', '7135-012', 'Peoples Bank - Kurunegala'),('7135', '7135-013', 'Peoples Bank - Galle-Fort'),('7135', '7135-014', 'Peoples Bank - Union Place'),('7135', '7135-015', 'Peoples Bank - Ampara'),('7135', '7135-016', 'Peoples Bank - Welimada'),('7135', '7135-017', 'Peoples Bank - Balangoda'),('7135', '7135-018', 'Peoples Bank - Gampola'),('7135', '7135-019', 'Peoples Bank - Dehiwala'),('7135', '7135-020', 'Peoples Bank - Mullaitivu'),('7135', '7135-021', 'Peoples Bank - Minuwangoda'),('7135', '7135-022', 'Peoples Bank - Hanguranketha'),('7135', '7135-023', 'Peoples Bank - Kalmunai'),('7135', '7135-024', 'Peoples Bank - Chalaw'),('7135', '7135-025', 'Peoples Bank - Hyde Park Corner'),('7135', '7135-026', 'Peoples Bank - Gampaha'),('7135', '7135-027', 'Peoples Bank - Kegalle'),('7135', '7135-028', 'Peoples Bank - Kuliyapitiya'),('7135', '7135-029', 'Peoples Bank - Avissawella'),('7135', '7135-030', 'Peoples Bank - Jaffna Stanley Road'),('7135', '7135-031', 'Peoples Bank - Kankasanthurai'),('7135', '7135-032', 'Peoples Bank - Matara Uyanwatte'),('7135', '7135-033', 'Peoples Bank - Queen Street'),('7135', '7135-034', 'Peoples Bank - Negambo'),('7135', '7135-035', 'Peoples Bank - Ambalangoda'),('7135', '7135-036', 'Peoples Bank - Ragala'),('7135', '7135-037', 'Peoples Bank - Bandarawela'),('7135', '7135-038', 'Peoples Bank - Talawakelle'),('7135', '7135-039', 'Peoples Bank - Kalutara'),('7135', '7135-040', 'Peoples Bank - Vavuniya'),('7135', '7135-041', 'Peoples Bank - Horana'),('7135', '7135-042', 'Peoples Bank - Kekirawa'),('7135', '7135-043', 'Peoples Bank - Padaviya'),('7135', '7135-044', 'Peoples Bank - Mannar'),('7135', '7135-045', 'Peoples Bank - Embilipitiya'),('7135', '7135-046', 'Peoples Bank - First City Branch'),('7135', '7135-047', 'Peoples Bank - Yatiyantota'),('7135', '7135-048', 'Peoples Bank - Kilinochci'),('7135', '7135-049', 'Peoples Bank - Homagama'),('7135', '7135-050', 'Peoples Bank - MAin Street,Colombo'),('7135', '7135-051', 'Peoples Bank - Kahatagasdigitiya'),('7135', '7135-052', 'Peoples Bank - Maho'),('7135', '7135-053', 'Peoples Bank - Nawalapitiya'),('7135', '7135-054', 'Peoples Bank - Warakapola'),('7135', '7135-055', 'Peoples Bank - Kelaniya'),('7135', '7135-056', 'Peoples Bank - Sri Sangaraja Mw.'),('7135', '7135-057', 'Peoples Bank - Peradeniya'),('7135', '7135-058', 'Peoples Bank - Mahiyanganaya'),('7135', '7135-059', 'Peoples Bank - Polgahawela'),('7135', '7135-060', 'Peoples Bank - Morawaka'),('7135', '7135-061', 'Peoples Bank - Tissamaharama'),('7135', '7135-062', 'Peoples Bank - Wellawaya'),('7135', '7135-063', 'Peoples Bank - Akkareipattu'),('7135', '7135-064', 'Peoples Bank - Sammanturai'),('7135', '7135-065', 'Peoples Bank - Kattankudy'),('7135', '7135-066', 'Peoples Bank - Trincomalee'),('7135', '7135-067', 'Peoples Bank - Tangalle'),('7135', '7135-068', 'Peoples Bank - Monaragala'),('7135', '7135-069', 'Peoples Bank - Mawanella'),('7135', '7135-070', 'Peoples Bank - Matugama'),('7135', '7135-071', 'Peoples Bank - Dematagoda'),('7135', '7135-072', 'Peoples Bank - Ambalantota'),('7135', '7135-073', 'Peoples Bank - Elpitiya'),('7135', '7135-074', 'Peoples Bank - Wattegama'),('7135', '7135-075', 'Peoples Bank - Batticaloa'),('7135', '7135-076', 'Peoples Bank - Wennappuwa'),('7135', '7135-077', 'Peoples Bank - Weligama'),('7135', '7135-078', 'Peoples Bank - Borella'),('7135', '7135-079', 'Peoples Bank - Veyangoda'),('7135', '7135-080', 'Peoples Bank - Ratmalana'),('7135', '7135-081', 'Peoples Bank - Ruwanwella'),('7135', '7135-082', 'Peoples Bank - Narammala'),('7135', '7135-083', 'Peoples Bank - Nattandiya'),('7135', '7135-084', 'Peoples Bank - Aluthgama'),('7135', '7135-085', 'Peoples Bank - Eheliyagoda'),('7135', '7135-086', 'Peoples Bank - Thimbirigasyaya'),('7135', '7135-087', 'Peoples Bank - Baddegama'),('7135', '7135-088', 'Peoples Bank - Ratnapura'),('7135', '7135-089', 'Peoples Bank - Katugastota'),('7135', '7135-090', 'Peoples Bank - Kantalai'),('7135', '7135-091', 'Peoples Bank - Moratuwa'),('7135', '7135-092', 'Peoples Bank - Giriulla'),('7135', '7135-093', 'Peoples Bank - Pugoda'),('7135', '7135-094', 'Peoples Bank - Kinniya'),('7135', '7135-095', 'Peoples Bank - Mutur'),('7135', '7135-096', 'Peoples Bank - Medawachchiya'),('7135', '7135-097', 'Peoples Bank - Gangodawila'),('7135', '7135-098', 'Peoples Bank - Kotikawatte'),('7135', '7135-100', 'Peoples Bank - Marandagahamula'),('7135', '7135-101', 'Peoples Bank - Rambukkana'),('7135', '7135-102', 'Peoples Bank - Valachchenei'),('7135', '7135-103', 'Peoples Bank - Piliyandala'),('7135', '7135-104', 'Peoples Bank - Jaffna Main Street'),('7135', '7135-105', 'Peoples Bank - Keyts'),('7135', '7135-106', 'Peoples Bank - Nelliady'),('7135', '7135-107', 'Peoples Bank - Atchuvely'),('7135', '7135-108', 'Peoples Bank - Chankanai'),('7135', '7135-109', 'Peoples Bank - Chunnakam'),('7135', '7135-110', 'Peoples Bank - Chavakachcheri'),('7135', '7135-111', 'Peoples Bank - Paranthan'),('7135', '7135-112', 'Peoples Bank - Teldeniya'),('7135', '7135-113', 'Peoples Bank - Batticaloa'),('7135', '7135-114', 'Peoples Bank - Galagedara'),('7135', '7135-115', 'Peoples Bank - Galewela'),('7135', '7135-116', 'Peoples Bank - Passara'),('7135', '7135-117', 'Peoples Bank - Akuressa'),('7135', '7135-118', 'Peoples Bank - delgoda'),('7135', '7135-119', 'Peoples Bank - Narahenpita'),('7135', '7135-120', 'Peoples Bank - Walasmulla'),('7135', '7135-121', 'Peoples Bank - Bandaragama'),('7135', '7135-122', 'Peoples Bank - Wilgamuwa'),('7135', '7135-123', 'Peoples Bank - Eravur'),('7135', '7135-124', 'Peoples Bank - Nikaweratiya'),('7135', '7135-125', 'Peoples Bank - Kalpitiya'),('7135', '7135-126', 'Peoples Bank - Grandpass'),('7135', '7135-127', 'Peoples Bank - Nildandahinna'),('7135', '7135-128', 'Peoples Bank - Rattota'),('7135', '7135-129', 'Peoples Bank - Rakwana'),('7135', '7135-130', 'Peoples Bank - Hakmana'),('7135', '7135-131', 'Peoples Bank - Udugama'),('7135', '7135-132', 'Peoples Bank - Deniyaya'),('7135', '7135-133', 'Peoples Bank - Kamburupitiya'),('7135', '7135-134', 'Peoples Bank - Nuwara Eliya'),('7135', '7135-135', 'Peoples Bank - Dickwella'),('7135', '7135-136', 'Peoples Bank - Hikkaduwa'),('7135', '7135-137', 'Peoples Bank - Makandura'),('7135', '7135-138', 'Peoples Bank - Dambulla'),('7135', '7135-139', 'Peoples Bank - Pettah'),('7135', '7135-140', 'Peoples Bank - HAsalaka'),('7135', '7135-141', 'Peoples Bank - Velivetiturai'),('7135', '7135-142', 'Peoples Bank - Kochchikade'),('7135', '7135-143', 'Peoples Bank - Suduwella'),('7135', '7135-144', 'Peoples Bank - Hettipola'),('7135', '7135-145', 'Peoples Bank - Wellawatte'),('7135', '7135-146', 'Peoples Bank - Naula'),('7135', '7135-147', 'Peoples Bank - Buttala'),('7135', '7135-148', 'Peoples Bank - Panadura'),('7135', '7135-149', 'Peoples Bank - Alawwa'),('7135', '7135-150', 'Peoples Bank - Kebithigollewa'),('7135', '7135-151', 'Peoples Bank - Diyatalawa'),('7135', '7135-152', 'Peoples Bank - Matara Dharmapala Mw'),('7135', '7135-153', 'Peoples Bank - Akurana'),('7135', '7135-154', 'Peoples Bank - Balapitiya'),('7135', '7135-155', 'Peoples Bank - Kahawatte'),('7135', '7135-156', 'Peoples Bank - Uva Paranagama'),('7135', '7135-157', 'Peoples Bank - Manikhinna'),('7135', '7135-158', 'Peoples Bank - Senkadagala'),('7135', '7135-159', 'Peoples Bank - Kadugannawa'),('7135', '7135-160', 'Peoples Bank - Pelmadulla'),('7135', '7135-161', 'Peoples Bank - Bulathsinhala'),('7135', '7135-162', 'Peoples Bank - Jaffna University'),('7135', '7135-163', 'Peoples Bank - Wariyapola'),('7135', '7135-164', 'Peoples Bank - Pottuvil'),('7135', '7135-165', 'Peoples Bank - Mankulam'),('7135', '7135-166', 'Peoples Bank - Murunkan'),('7135', '7135-167', 'Peoples Bank - Town Hall,Colombo'),('7135', '7135-168', 'Peoples Bank - Kataragama'),('7135', '7135-169', 'Peoples Bank - Galle Main Street'),('7135', '7135-170', 'Peoples Bank - Eppawela'),('7135', '7135-171', 'Peoples Bank - Nochchiyagama'),('7135', '7135-172', 'Peoples Bank - Bingiriya'),('7135', '7135-173', 'Peoples Bank - Pundaluoya'),('7135', '7135-174', 'Peoples Bank - Nugegoda'),('7135', '7135-175', 'Peoples Bank - Kandana'),('7135', '7135-176', 'Peoples Bank - Mid City Branch'),('7135', '7135-177', 'Peoples Bank - Galenbindunuwewa'),('7135', '7135-178', 'Peoples Bank - Maskeliya'),('7135', '7135-179', 'Peoples Bank - Galnewa'),('7135', '7135-180', 'Peoples Bank - Deraniyagala'),('7135', '7135-181', 'Peoples Bank - Maha Oya'),('7135', '7135-183', 'Peoples Bank - Ankumbura'),('7135', '7135-184', 'Peoples Bank - Galgamuwa'),('7135', '7135-185', 'Peoples Bank - Galigamuwa/Kegalle'),('7135', '7135-186', 'Peoples Bank - Hatton'),('7135', '7135-188', 'Peoples Bank - Ahangama'),('7135', '7135-189', 'Peoples Bank - Uhana'),('7135', '7135-190', 'Peoples Bank - Kaluwanchikudy'),('7135', '7135-191', 'Peoples Bank - MAlwana'),('7135', '7135-192', 'Peoples Bank - Nivithigala'),('7135', '7135-193', 'Peoples Bank - Ridigama'),('7135', '7135-194', 'Peoples Bank - Kolonnawa'),('7135', '7135-195', 'Peoples Bank - Haldummulla'),('7135', '7135-196', 'Peoples Bank - Kaduwela'),('7135', '7135-197', 'Peoples Bank - Uragasmanhandiya'),('7135', '7135-198', 'Peoples Bank - Mirigama'),('7135', '7135-199', 'Peoples Bank - Mawathagama'),('7135', '7135-200', 'Peoples Bank - Majestic City'),('7135', '7135-201', 'Peoples Bank - Ukuwela'),('7135', '7135-202', 'Peoples Bank - Kirindiwela'),('7135', '7135-203', 'Peoples Bank - Habarana'),('7135', '7135-204', 'Peoples Bank - Head quarters Branch'),('7135', '7135-205', 'Peoples Bank - Angunakolapalessa'),('7135', '7135-206', 'Peoples Bank - Davulagala'),('7135', '7135-207', 'Peoples Bank - Ibbagamuwa'),('7135', '7135-208', 'Peoples Bank - Battaramulla'),('7135', '7135-209', 'Peoples Bank - Boralanda'),('7135', '7135-210', 'Peoples Bank - Kollupi.Co-op House'),('7135', '7135-211', 'Peoples Bank - Pnwila'),('7135', '7135-214', 'Peoples Bank - Mutuwal'),('7135', '7135-215', 'Peoples Bank - Madampe'),('7135', '7135-216', 'Peoples Bank - Haputale'),('7135', '7135-217', 'Peoples Bank - Mahara'),('7135', '7135-218', 'Peoples Bank - Horowpathana'),('7135', '7135-219', 'Peoples Bank - Thambuttegama'),('7135', '7135-220', 'Peoples Bank - Anuradhapura,Nuwarawewa'),('7135', '7135-221', 'Peoples Bank - Hemmathagama'),('7135', '7135-222', 'Peoples Bank - Wattala'),('7135', '7135-223', 'Peoples Bank - Karaitivu'),('7135', '7135-224', 'Peoples Bank - Thirukkovil'),('7135', '7135-225', 'Peoples Bank - Haliela'),('7135', '7135-226', 'Peoples Bank - Kurune.Maliyadeva Br'),('7135', '7135-227', 'Peoples Bank - Chenkalady'),('7135', '7135-228', 'Peoples Bank - Addalachena'),('7135', '7135-229', 'Peoples Bank - Hanwella'),('7135', '7135-230', 'Peoples Bank - Thanamalwila'),('7135', '7135-231', 'Peoples Bank - Medirigiriya'),('7135', '7135-232', 'Peoples Bank - Polonnaruwa Town'),('7135', '7135-233', 'Peoples Bank - Serunuwara'),('7135', '7135-234', 'Peoples Bank - Batapola'),('7135', '7135-235', 'Peoples Bank - kalawana'),('7135', '7135-236', 'Peoples Bank - Maradana'),('7135', '7135-237', 'Peoples Bank - Kiribathgoda'),('7135', '7135-238', 'Peoples Bank - Gonagaldeniya'),('7135', '7135-239', 'Peoples Bank - Ja-Ela'),('7135', '7135-240', 'Peoples Bank - Keppetipola'),('7135', '7135-241', 'Peoples Bank - Pallepola'),('7135', '7135-242', 'Peoples Bank -Bakamuna'),('7135', '7135-243', 'Peoples Bank - Devinueara'),('7135', '7135-244', 'Peoples Bank - Beliatta'),('7135', '7135-245', 'Peoples Bank - Godakawela'),('7135', '7135-246', 'Peoples Bank - Meegalewa'),('7135', '7135-247', 'Peoples Bank - Imaduwa'),('7135', '7135-248', 'Peoples Bank - Aranayaka'),('7135', '7135-249', 'Peoples Bank - Neboda'),('7135', '7135-250', 'Peoples Bank - kandeketiya'),('7135', '7135-251', 'Peoples Bank - Lunugala'),('7135', '7135-252', 'Peoples Bank - Bulathkohupitiya'),('7135', '7135-253', 'Peoples Bank - Aralaganwila'),('7135', '7135-254', 'Peoples Bank - Welikanda'),('7135', '7135-255', 'Peoples Bank - Trincomalee Town'),('7135', '7135-256', 'Peoples Bank - Pilimatalawa'),('7135', '7135-257', 'Peoples Bank - Deltota'),('7135', '7135-258', 'Peoples Bank - Medagama'),('7135', '7135-259', 'Peoples Bank - Kehelwatte'),('7135', '7135-260', 'Peoples Bank - Koslanda'),('7135', '7135-261', 'Peoples Bank - Pelawatte'),('7135', '7135-262', 'Peoples Bank - Wadduwa'),('7135', '7135-263', 'Peoples Bank - Kuruvita'),('7135', '7135-264', 'Peoples Bank - Suriyawewa'),('7135', '7135-265', 'Peoples Bank - Middeniya'),('7135', '7135-266', 'Peoples Bank - Kiriella'),('7135', '7135-267', 'Peoples Bank - Anamaduwa'),('7135', '7135-268', 'Peoples Bank - Girandurukotte'),('7135', '7135-269', 'Peoples Bank - Badulla-Muthiyangana'),('7135', '7135-270', 'Peoples Bank - Thulhiriya'),('7135', '7135-271', 'Peoples Bank - Urubokka'),('7135', '7135-272', 'Peoples Bank - Talgaswala'),('7135', '7135-273', 'Peoples Bank - Kadawata'),('7135', '7135-274', 'Peoples Bank - pussellawa'),('7135', '7135-275', 'Peoples Bank - Olcott Mawatha'),('7135', '7135-276', 'Peoples Bank - Katunayaka'),('7135', '7135-277', 'Peoples Bank - Sea Street'),('7135', '7135-278', 'Peoples Bank - Nittambuwa'),('7135', '7135-279', 'Peoples Bank - Pitakotte'),('7135', '7135-280', 'Peoples Bank - Pothuhera'),('7135', '7135-281', 'Peoples Bank - Kobeigane'),('7135', '7135-282', 'Peoples Bank - Maggona'),('7135', '7135-283', 'Peoples Bank - Badureliya'),('7135', '7135-284', 'Peoples Bank - Jaffna Kannathiddy'),('7135', '7135-285', 'Peoples Bank - Point Pedro'),('7135', '7135-286', 'Peoples Bank - International Div.'),('7135', '7135-288', 'Peoples Bank - Kudawella'),('7135', '7135-289', 'Peoples Bank - Kaltota'),('7135', '7135-290', 'Peoples Bank - Moratumulla'),('7135', '7135-291', 'Peoples Bank - Dankotuwa'),('7135', '7135-292', 'Peoples Bank - Udapussellawa'),('7135', '7135-293', 'Peoples Bank - Dehiovita'),('7135', '7135-294', 'Peoples Bank - Alawatugoda'),('7135', '7135-295', 'Peoples Bank - Udawalawe'),('7135', '7135-296', 'Peoples Bank - Nintavur'),('7135', '7135-297', 'Peoples Bank - Dam Street'),('7135', '7135-298', 'Peoples Bank - Ginthupitiya'),('7135', '7135-299', 'Peoples Bank - Kegalle Bazzar'),('7135', '7135-300', 'Peoples Bank - Ingiriya'),('7135', '7135-301', 'Peoples Bank - Galkiriyagama'),('7135', '7135-302', 'Peoples Bank - Ginigathhena'),('7135', '7135-303', 'Peoples Bank - Mahawewa'),('7135', '7135-304', 'Peoples Bank - Urugamuwa'),('7135', '7135-305', 'Peoples Bank - Trinco Inner Harbour'),('7135', '7135-306', 'Peoples Bank - Maharagama'),('7135', '7135-307', 'Peoples Bank - Gandara'),('7135', '7135-308', 'Peoples Bank - Kotahena'),('7135', '7135-309', 'Peoples Bank - Liberty Plaza'),('7135', '7135-310', 'Peoples Bank - Bambalapitiya'),('7135', '7135-311', 'Peoples Bank - Beruwala'),('7135', '7135-312', 'Peoples Bank - Malwatta Road'),('7135', '7135-313', 'Peoples Bank - Katubedda'),('7135', '7135-315', 'Peoples Bank - Talawa'),('7135', '7135-316', 'Peoples Bank - Ragama'),('7135', '7135-317', 'Peoples Bank - Ratnapura Town'),('7135', '7135-318', 'Peoples Bank - Pamunugama'),('7135', '7135-319', 'Peoples Bank - Kirulapana'),('7135', '7135-320', 'Peoples Bank - Borella Cotta Road'),('7135', '7135-321', 'Peoples Bank - Panadura Town'),('7135', '7135-322', 'Peoples Bank - Marawila'),('7135', '7135-323', 'Peoples Bank - Corporate Branch'),('7135', '7135-324', 'Peoples Bank - Seeduwa'),('7135', '7135-325', 'Peoples Bank - Wandurambe'),('7135', '7135-326', 'Peoples Bank - Capricon Branch'),('7135', '7135-327', 'Peoples Bank - Kesbewa'),('7135', '7135-328', 'Peoples Bank - kottawa'),('7135', '7135-329', 'Peoples Bank - Koggala'),('7135', '7135-330', 'Peoples Bank - Dehiattakandiya'),('7135', '7135-331', 'Peoples Bank - Lucky Plaza'),('7135', '7135-332', 'Peoples Bank - Ganemulla'),('7135', '7135-333', 'Peoples Bank - Ykkala'),('7135', '7135-334', 'Peoples Bank - Kgala-Ethugalpura'),('7135', '7135-335', 'Peoples Bank - Nugegoda City'),('7135', '7135-336', 'Peoples Bank - Mt.Lavinia'),('7135', '7135-337', 'Peoples Bank - Dehiwala'),('7135', '7135-338', 'Peoples Bank - Sainthamaruthu'),('7135', '7135-339', 'Peoples Bank - Kallar'),('7135', '7135-340', 'Peoples Bank - Oddamawady'),('7135', '7135-666', 'Peoples Bank - Poojapitiya'),('7135', '7135-796', 'Peoples Bank - OCU'),('7162', '7162-', 'Nation Trust - Colombo'),('7162', '7162-001', 'Nation Trust - Colombo'),('7162', '7162-004', 'Nation Trust - Colombo 2'),('7162', '7162-007', 'Nation Trust - Colombo2'),('7162', '7162-012', 'Nation Trust - Kurunegala'),('7162', '7162-017', 'Nation Trust - Colombo'),('7162', '7162-025', 'Nation Trust - Union Place'),('7162', '7162-026', 'Nation Trust -'),('7162', '7162-028', 'Nation Trust - Colombo 2'),('7162', '7162-029', 'Nation Trust - Colombo 2'),('7162', '7162-031', 'Nation Trust - Colombo 2'),('7162', '7162-034', 'Nation Trust - Colombo'),('7214', '7214-000', 'NDB - Head Office'),('7214', '7214-001', 'NDB - Nawam Mawatha'),('7214', '7214-002', 'NDB - Kandy'),('7214', '7214-003', 'NDB - Jawatta'),('7214', '7214-004', 'NDB - Nugegoda'),('7214', '7214-005', 'NDB - Rajagiriya'),('7214', '7214-006', 'NDB - Matara'),('7214', '7214-007', 'NDB - Kurunegala'),('7214', '7214-008', 'NDB - Wellawatta'),('7214', '7214-009', 'NDB - Negombo'),('7214', '7214-010', 'NDB - Chilaw'),('7214', '7214-011', 'NDB - Wattala'),('7214', '7214-012', 'NDB - Maharagama'),('7214', '7214-013', 'NDB - Ratnapura'),('7214', '7214-014', 'NDB - Colombo 03'),('7214', '7214-015', 'NDB - Moratuwa'),('7214', '7214-016', 'NDB - Kalutara'),('7214', '7214-017', 'NDB - Kegalle'),('7214', '7214-018', 'NDB - Badulla'),('7214', '7214-019', 'NDB - Anuradhapura'),('7214', '7214-020', 'NDB - Mt.Lavinia'),('7214', '7214-021', 'NDB - Galle'),('7214', '7214-022', 'NDB - Pelawatta'),('7214', '7214-023', 'NDB - Piliyandala'),('7214', '7214-024', 'NDB - Kotahena'),('7214', '7214-025', 'NDB - Kiribathgoda'),('7214', '7214-026', 'NDB - Kadawatha'),('7214', '7214-027', 'NDB - Horana'),('7214', '7214-028', 'NDB - Kandana'),('7214', '7214-029', 'NDB - Gampaha'),('7214', '7214-030', 'NDB - Homagama'),('7214', '7214-031', 'NDB - Malabe'),('7214', '7214-033', 'NDB - Puttalam'),('7214', '7214-038', 'NDB - Trincomalee'),('7214', '7214-039', 'NDB - Colombo'),('7214', '7214-040', 'NDB - Colombo'),('7214', '7214-100', 'NDB - Head Office (Retail)'),('7214', '7214-21', 'NDB - Galle'),('7214', '7214-900', 'NDB - Head Office (CO-op)'),('7269', '7269-', 'Islamic Bank -'),('7269', '7269-004', 'Islamic Bank - Colombo'),('7269', '7269-006', 'Islamic Bank - Colombo'),('7278', '7278-', 'Sampath Bank - Batticoloa'),('7278', '7278-001', 'Sampath Bank - City Office'),('7278', '7278-002', 'Sampath Bank - Pettah'),('7278', '7278-003', 'Sampath Bank - Nugegoda'),('7278', '7278-004', 'Sampath Bank - Borella'),('7278', '7278-005', 'Sampath Bank - Kiribathgoda'),('7278', '7278-006', 'Sampath Bank - Kurunegala'),('7278', '7278-007', 'Sampath Bank - Kandy'),('7278', '7278-008', 'Sampath Bank - Wattala'),('7278', '7278-009', 'Sampath Bank - Navam Mawatha'),('7278', '7278-010', 'Sampath Bank - Matara'),('7278', '7278-011', 'Sampath Bank - Bambalapitiya'),('7278', '7278-012', 'Sampath Bank - Fort'),('7278', '7278-013', 'Sampath Bank - Maharagama'),('7278', '7278-014', 'Sampath Bank - Deniyaya'),('7278', '7278-015', 'Sampath Bank - Morawaka'),('7278', '7278-016', 'Sampath Bank - Gampaha'),('7278', '7278-017', 'Sampath Bank - Dehiwala'),('7278', '7278-018', 'Sampath Bank - Ratmalana'),('7278', '7278-019', 'Sampath Bank - Piliyandala'),('7278', '7278-020', 'Sampath Bank - Eheliyagoda'),('7278', '7278-021', 'Sampath Bank - Anuradhapura'),('7278', '7278-022', 'Sampath Bank - Avissawella'),('7278', '7278-023', 'Sampath Bank - Kuliyapitiya'),('7278', '7278-024', 'Sampath Bank - Negombo'),('7278', '7278-025', 'Sampath Bank - Matale'),('7278', '7278-026', 'Sampath Bank - Panadura'),('7278', '7278-027', 'Sampath Bank - Old Moor Street'),('7278', '7278-028', 'Sampath Bank - Thissamaharama'),('7278', '7278-029', 'Sampath Bank - Head Quarters'),('7278', '7278-030', 'Sampath Bank - Wennappuwa'),('7278', '7278-031', 'Sampath Bank - Moratuwa'),('7278', '7278-032', 'Sampath Bank - Katugasthota'),('7278', '7278-033', 'Sampath Bank - Rathnapura'),('7278', '7278-034', 'Sampath Bank - Thimbirigasyaya'),('7278', '7278-035', 'Sampath Bank - Galle'),('7278', '7278-036', 'Sampath Bank - Wellawatta'),('7278', '7278-037', 'Sampath Bank - Kotahena'),('7278', '7278-038', 'Sampath Bank - Kaduruwela'),('7278', '7278-039', 'Sampath Bank - Malabe'),('7278', '7278-040', 'Sampath Bank - Narahenpita'),('7278', '7278-041', 'Sampath Bank - Lakawana'),('7278', '7278-042', 'Sampath Bank - Main Street'),('7278', '7278-043', 'Sampath Bank - Embilipitiya'),('7278', '7278-044', 'Sampath Bank - Wariyapola'),('7278', '7278-045', 'Sampath Bank - Wellampitiya'),('7278', '7278-046', 'Sampath Bank - Bandarawela'),('7278', '7278-047', 'Sampath Bank - Unichela'),('7278', '7278-048', 'Sampath Bank - Thambuttegama (SPU)'),('7278', '7278-049', 'Sampath Bank - Deraniyagala'),('7278', '7278-050', 'Sampath Bank - Kalutara'),('7278', '7278-051', 'Sampath Bank - Peradeniya'),('7278', '7278-052', 'Sampath Bank - Kottawa'),('7278', '7278-053', 'Sampath Bank - Alawwe'),('7278', '7278-054', 'Sampath Bank - Neluwa'),('7278', '7278-055', 'Sampath Bank - Vavuniya'),('7278', '7278-056', 'Sampath Bank - Mahiyanganaya'),('7278', '7278-057', 'Sampath Bank - Horana'),('7278', '7278-058', 'Sampath Bank - Harbour-View'),('7278', '7278-059', 'Sampath Bank - Bandaragama'),('7278', '7278-060', 'Sampath Bank - Kadawatha'),('7278', '7278-061', 'Sampath Bank - Battaramulla'),('7278', '7278-062', 'Sampath Bank - Ampara'),('7278', '7278-063', 'Sampath Bank - Pelawatta (SPU)'),('7278', '7278-064', 'Sampath Bank - Kegalle'),('7278', '7278-065', 'Sampath Bank - Minuwangoda'),('7278', '7278-066', 'Sampath Bank - Trincomalee'),('7278', '7278-067', 'Sampath Bank - Athurugiriya (SPU)'),('7278', '7278-068', 'Sampath Bank - Yakkala'),('7278', '7278-069', 'Sampath Bank - Homagama'),('7278', '7278-070', 'Sampath Bank - Gregorys Road'),('7278', '7278-071', 'Sampath Bank - Nittambuwa'),('7278', '7278-072', 'Sampath Bank - Ambalangoada'),('7278', '7278-073', 'Sampath Bank - Ragama'),('7278', '7278-074', 'Sampath Bank - Monaragala'),('7278', '7278-075', 'Sampath Bank - Wadduwa'),('7278', '7278-076', 'Sampath Bank - Kandana'),('7278', '7278-077', 'Sampath Bank - Veyangoda'),('7278', '7278-078', 'Sampath Bank - Ganemulla'),('7278', '7278-079', 'Sampath Bank - Aluthgama'),('7278', '7278-080', 'Sampath Bank - Hatton'),('7278', '7278-081', 'Sampath Bank - Welimada'),('7278', '7278-082', 'Sampath Bank - Singer Mega-Nugegoda'),('7278', '7278-083', 'Sampath Bank - Kirindiwela'),('7278', '7278-084', 'Sampath Bank - Nuwara Eliya'),('7278', '7278-085', 'Sampath Bank - Digana'),('7278', '7278-086', 'Sampath Bank - Mirigama'),('7278', '7278-087', 'Sampath Bank - Laugfs Super Market'),('7278', '7278-088', 'Sampath Bank - Singer Mega - Negombo'),('7278', '7278-089', 'Sampath Bank - Attidiya'),('7278', '7278-090', 'Sampath Bank - Dambulla'),('7278', '7278-091', 'Sampath Bank - Pitakotte'),('7278', '7278-092', 'Sampath Bank - Singer Mega-Maharagama'),('7278', '7278-093', 'Sampath Bank - Badulla'),('7278', '7278-094', 'Sampath Bank - Kohuwala'),('7278', '7278-095', 'Sampath Bank - Girulla'),('7278', '7278-096', 'Sampath Bank - Singer Mega-Wattala'),('7278', '7278-097', 'Sampath Bank - Balangoda'),('7278', '7278-098', 'Sampath Bank - JA-Ela'),('7278', '7278-099', 'Sampath Bank - Narammala'),('7278', '7278-100', 'Sampath Bank - Corporate Branch-Kandy'),('7278', '7278-102', 'Sampath Bank -'),('7278', '7278-103', 'Sampath Bank - Pelmadulla'),('7278', '7278-104', 'Sampath Bank - Ambalantota'),('7278', '7278-106', 'Sampath Bank - Mathugama'),('7278', '7278-107', 'Sampath Bank - Batticoloa'),('7278', '7278-109', 'Sampath Bank - Mawathagama'),('7278', '7278-110', 'Sampath Bank - Hingurakgoda'),('7278', '7278-111', 'Sampath Bank - Akkaraipattu'),('7278', '7278-112', 'Sampath Bank - Kalmunai'),('7278', '7278-114', 'Sampath Bank - Embuldeniya'),('7278', '7278-115', 'Sampath Bank - Kattankudy'),('7278', '7278-118', 'Sampath Bank - Baddegama'),('7278', '7278-121', 'Sampath Bank - Chenkalady'),('7278', '7278-124', 'Sampath Bank - Oddamavady'),('7278', '7278-125', 'Sampath Bank - Kattankudy'),('7278', '7278-126', 'Sampath Bank - Sainthamaruthu'),('7278', '7278-130', 'Sampath Bank - Pottuvil'),('7278', '7278-135', 'Sampath Bank - Gangodawila'),('7278', '7278-138', 'Sampath Bank - Nocchiyagama'),('7278', '7278-140', 'Sampath Bank - Ingiriya'),('7278', '7278-143', 'Anamaduwa'),('7278', '7278-145', 'Sampath Bank - buttala'),('7278', '7278-149', 'Sampath Bank - Kekirawa'),('7278', '7278-150', 'Sampath Bank - Pilimatalawa'),('7278', '7278-152', 'Sampath Bank - Pussellawa'),('7278', '7278-153', 'Sampath Bank - Matara Bazar'),('7278', '7278-154', 'Sampath Bank - Aralaganwila'),('7278', '7278-156', 'Sampath Bank - Puttalam'),('7278', '7278-157', 'Sampath Bank - Sooriyawewa'),('7278', '7278-159', 'Sampath Bank - Galle Bazaar'),('7278', '7278-160', 'Sampath Bank -'),('7278', '7278-161', 'Sampath Bank - Bibile'),('7278', '7278-167', 'Sampath Bank - Sandunpura'),('7278', '7278-168', 'Sampath Bank -'),('7278', '7278-187', 'Sampath Bank - Hettipola'),('7278', '7278-188', 'Sampath Bank - Rambukkana'),('7278', '7278-920', 'Sampath Bank - Trade Services Dept.'),('7278', '7278-993', 'Sampath Bank - Central Clearing Dept'),('7278', '7278-996', 'Sampath Bank - Card Centre'),('7287', '7287-001', 'Seylan Bank - City Office'),('7287', '7287-002', 'Seylan Bank - Matara'),('7287', '7287-003', 'Seylan Bank - Mount Lavinia'),('7287', '7287-004', 'Seylan Bank - Maharagama'),('7287', '7287-005', 'Seylan Bank - Panadura'),('7287', '7287-006', 'Seylan Bank - Kiribathgoda'),('7287', '7287-007', 'Seylan Bank - Ratnapura'),('7287', '7287-008', 'Seylan Bank - Kollupitiya'),('7287', '7287-009', 'Seylan Bank - Moratuwa'),('7287', '7287-010', 'Seylan Bank - Kegalle'),('7287', '7287-011', 'Seylan Bank - Gampaha'),('7287', '7287-012', 'Seylan Bank - Nugegoda'),('7287', '7287-013', 'Seylan Bank - Negombo'),('7287', '7287-014', 'Seylan Bank - Dehiwala'),('7287', '7287-015', 'Seylan Bank - Chilaw'),('7287', '7287-016', 'Seylan Bank - Galle'),('7287', '7287-017', 'Seylan Bank - Kandy'),('7287', '7287-018', 'Seylan Bank - Kurunegala'),('7287', '7287-019', 'Seylan Bank - Nuwara Eliya'),('7287', '7287-020', 'Seylan Bank - Balangoda'),('7287', '7287-021', 'Seylan Bank - Anuradhapura'),('7287', '7287-022', 'Seylan Bank - Grandpass'),('7287', '7287-023', 'Seylan Bank - Horana'),('7287', '7287-024', 'Seylan Bank - Ambalangoda'),('7287', '7287-025', 'Seylan Bank - Gampola'),('7287', '7287-026', 'Seylan Bank - Badulla'),('7287', '7287-027', 'Seylan Bank - Ja-Ela'),('7287', '7287-028', 'Seylan Bank - Kadawatha'),('7287', '7287-029', 'Seylan Bank - Dehiattakandiya'),('7287', '7287-030', 'Seylan Bank - (BCCI) U. Chatam St. Br'),('7287', '7287-031', 'Seylan Bank - (BCCI) Free Trade Zone'),('7287', '7287-032', 'Seylan Bank - Cinnamon Gardens'),('7287', '7287-033', 'Seylan Bank - Kottawa'),('7287', '7287-034', 'Seylan Bank - Boralesgamuwa'),('7287', '7287-035', 'Seylan Bank - Yakkala'),('7287', '7287-036', 'Seylan Bank - Kalutara'),('7287', '7287-037', 'Seylan Bank - Thissamaharama'),('7287', '7287-038', 'Seylan Bank - Matale'),('7287', '7287-039', 'Seylan Bank - Hatton'),('7287', '7287-040', 'Seylan Bank - Sarikkamulla'),('7287', '7287-041', 'Seylan Bank - Attidiya'),('7287', '7287-042', 'Seylan Bank - Kalubowila'),('7287', '7287-043', 'Seylan Bank - Homagama'),('7287', '7287-044', 'Seylan Bank - Kuliyapitiya'),('7287', '7287-045', 'Seylan Bank - Embilipitiya'),('7287', '7287-046', 'Seylan Bank - Bandarawela'),('7287', '7287-047', 'Seylan Bank - Maradana'),('7287', '7287-048', 'Seylan Bank - Mawanella'),('7287', '7287-049', 'Seylan Bank - Puttalam'),('7287', '7287-050', 'Seylan Bank - Old Moor Street'),('7287', '7287-051', 'Seylan Bank - Higurakgoda'),('7287', '7287-052', 'Seylan Bank - Nawalla'),('7287', '7287-053', 'Seylan Bank - Manampitiya'),('7287', '7287-054', 'Seylan Bank - Bandaragama'),('7287', '7287-055', 'Seylan Bank - Katuneriya'),('7287', '7287-056', 'Seylan Bank - Kaggala'),('7287', '7287-057', 'Seylan Bank - Welimada'),('7287', '7287-058', 'Seylan Bank - Kochchikade'),('7287', '7287-059', 'Seylan Bank - Bogawanthalawa'),('7287', '7287-060', 'Seylan Bank - Ganemulla'),('7287', '7287-061', 'Seylan Bank - Thalawakele'),('7287', '7287-062', 'Seylan Bank - Raddolugama'),('7287', '7287-063', 'Seylan Bank - Weliveriya'),('7287', '7287-064', 'Seylan Bank - Pettah'),('7287', '7287-065', 'Seylan Bank - Baliatta'),('7287', '7287-066', 'Seylan Bank - Mathugama'),('7287', '7287-067', 'Seylan Bank - Malabe'),('7287', '7287-068', 'Seylan Bank - Colombo South'),('7287', '7287-070', 'Seylan Bank - Warakapola'),('7287', '7287-071', 'Seylan Bank - Wattala'),('7287', '7287-072', 'Seylan Bank - Vavuniya'),('7287', '7287-073', 'Seylan Bank - Batticaloa'),('7287', '7287-074', 'Seylan Bank - Kaththankudy'),('7287', '7287-075', 'Seylan Bank - Avissawella'),('7287', '7287-076', 'Seylan Bank - Nawalapitiya'),('7287', '7287-077', 'Seylan Bank - Kekirawa'),('7287', '7287-078', 'Seylan Bank - Mirigama'),('7287', '7287-079', 'Seylan Bank - Soysapura'),('7287', '7287-080', 'Seylan Bank - Ruwanwella'),('7287', '7287-081', 'Seylan Bank - Hambantota'),('7287', '7287-082', 'Seylan Bank - Borella'),('7287', '7287-083', 'Seylan Bank - Havelock Town'),('7287', '7287-084', 'Seylan Bank - Marandagahamulla'),('7287', '7287-085', 'Seylan Bank - Jaffna'),('7287', '7287-086', 'Seylan Bank - Millenium'),('7287', '7287-087', 'Seylan Bank - Nittambuwa'),('7287', '7287-088', 'Seylan Bank - Trincomalee'),('7287', '7287-089', 'Seylan Bank - Meegoda'),('7287', '7287-090', 'Seylan Bank - Pelmadulla'),('7287', '7287-091', 'Seylan Bank - Ampara'),('7287', '7287-999', 'Seylan Bank - Other Branches'),('7302', '7302-001', 'Union Bank - Colombo'),('7311', '7311-001', 'PABC - Metro'),('7311', '7311-002', 'PABC - Panchikawatta'),('7311', '7311-003', 'PABC - Lollupitiya'),('7311', '7311-004', 'PABC - Pettah'),('7311', '7311-005', 'PABC - Kandy'),('7311', '7311-006', 'PABC - Rajagiriya'),('7311', '7311-007', 'PABC - Ratnapura'),('7311', '7311-008', 'PABC - Nugegoda'),('7311', '7311-009', 'PABC - Bambalapitiya'),('7311', '7311-010', 'PABC - Negombo'),('7311', '7311-011', 'PABC - Gampaha'),('7311', '7311-012', 'PABC - Kurunegala'),('7311', '7311-013', 'PABC - Matara'),('7311', '7311-014', 'PABC - Kotahena'),('7311', '7311-015', 'PABC - Dehiwala'),('7311', '7311-016', 'PABC - Wattala'),('7311', '7311-017', 'PABC - Panadura'),('7311', '7311-018', 'PABC - Old Moor Street'),('7311', '7311-019', 'PABC - Dam Street'),('7311', '7311-020', 'PABC - Katugastota'),('7311', '7311-021', 'PABC - Narahenpita'),('7311', '7311-022', 'PABC - Kirulapone'),('7311', '7311-023', 'PABC - Maharagama'),('7311', '7311-024', 'PABC - Moratuwa'),('7311', '7311-025', 'PABC - Galle'),('7311', '7311-027', 'PABC - Kegalle'),('7311', '7311-029', 'PABC - Wallawatta'),('7311', '7311-032', 'PABC - Anuradhapura'),('7311', '7311-033', 'PABC - Kalutara'),('7311', '7311-035', 'PABC - Malabe'),('7311', '7311-036', 'PABC - Chilaw'),('7311', '7311-038', 'PABC - Embilipitiya'),('7311', '7311-039', 'PABC - Matale'),('7311', '7311-040', 'PABC - Batti'),('7311', '7311-041', 'PABC - Ambalangoda'),('7311', '7311-042', 'PABC - Kalmunai'),('7311', '7311-043', 'PABC - Ambalangoda'),('7311', '7311-045', 'PABC - Badulla'),('7384', '7384-001', 'ICICI Bank - Colombo'),('7454', '7454-001', 'DFCC Bank - Head Office'),('7454', '7454-002', 'DFCC Bank - Gangodawila'),('7454', '7454-003', 'DFCC Bank - Malabe'),('7454', '7454-004', 'DFCC Bank - Matara'),('7454', '7454-005', 'DFCC Bank - Kurunegala'),('7454', '7454-006', 'DFCC Bank - Kandy'),('7454', '7454-007', 'DFCC Bank - City Office'),('7454', '7454-008', 'DFCC Bank - Ratnapura'),('7454', '7454-009', 'DFCC Bank - Anuradhapura'),('7454', '7454-010', 'DFCC Bank - Gampaha'),('7454', '7454-011', 'DFCC Bank - Badulla'),('7454', '7454-012', 'DFCC Bank - Borella'),('7454', '7454-014', 'DFCC Bank - Kaduruwela'),('7454', '7454-015', 'DFCC Bank - Kotahena'),('7454', '7454-016', 'DFCC Bank - Maharagama'),('7454', '7454-017', 'DFCC Bank - Bandarawela'),('7454', '7454-018', 'DFCC Bank - Negombo'),('7454', '7454-019', 'DFCC Bank - Kottawa'),('7454', '7454-020', 'DFCC Bank - Dambulla'),('7454', '7454-021', 'DFCC Bank - Wattala'),('7454', '7454-022', 'DFCC Bank - Kuliyapitiya'),('7454', '7454-023', 'DFCC Bank - Panadura'),('7454', '7454-024', 'DFCC Bank - Piliyandala'),('7454', '7454-025', 'DFCC Bank - Deniyaya'),('7454', '7454-026', 'DFCC Bank - Lalutara'),('7454', '7454-028', 'DFCC Bank - Nawala'),('7454', '7454-031', 'DFCC Bank - Matale'),('7454', '7454-032', 'DFCC Bank - Chilaw'),('7454', '7454-034', 'DFCC Bank - Horana'),('7454', '7454-035', 'DFCC Bank - Galle'),('7454', '7454-036', 'DFCC Bank - Nuwaraeliya'),('7454', '7454-037', 'DFCC Bank - KALAWANA'),('7454', '7454-038', 'DFCC Bank - NAWALA'),('7454', '7454-040', 'DFCC Bank - Batticaloa'),('7454', '7454-041', 'DFCC Bank - Ampara'),('7454', '7454-042', 'DFCC Bank - Jafna'),('7454', '7454-044', 'DFCC Bank - Trinco'),('7454', '7454-045', 'DFCC Bank - Embilipitiya');


UNLOCK TABLES;




/*Table structure for table `m_banks` */


DROP TABLE IF EXISTS `m_banks`;

CREATE TABLE `m_banks` (
  `code` varchar(10) NOT NULL,
  `bank_name` varchar(100) DEFAULT NULL,
  `action_date` timestamp NOT NULL DEFAULT CURRENT_TIMESTAMP ON UPDATE CURRENT_TIMESTAMP,
  PRIMARY KEY (`code`)
) ENGINE=InnoDB DEFAULT CHARSET=latin1;


/*Data for the table `m_banks` */


LOCK TABLES `m_banks` WRITE;


INSERT INTO `m_banks` (`code`, `bank_name`, `action_date`) VALUES ('7010', 'Bank Of Ceylon', '2012-02-17 09:24:52'),('7038', 'Standard Chartered Bank', '2012-02-17 09:24:52'),('7047', 'City Bank', '2012-02-17 09:24:52'),('7056', 'Commercial Bank', '2012-02-17 09:24:52'),('7074', 'HBL', '2012-02-17 09:24:52'),('7083', 'HNB', '2012-02-17 09:24:52'),('7092', 'HSBC', '2012-02-17 09:24:52'),('7135', 'Peoples Bank', '2012-02-17 09:24:52'),('7162', 'Nation Trust', '2012-02-17 09:24:52'),('7214', 'NDB', '2012-02-17 09:24:52'),('7269', 'Islamic Bank', '2012-02-17 09:24:52'),('7278', 'Sampath Bank', '2012-02-17 09:24:52'),('7287', 'Seylan Bank', '2012-02-17 09:24:52'),('7302', 'Union Bank', '2012-02-17 09:24:52'),('7311', 'PABC', '2012-02-17 09:24:52'),('7384', 'ICICI Bank', '2012-02-17 09:24:52'),('7454', 'DFCC Bank', '2012-02-17 09:24:52');


UNLOCK TABLES;




/*Table structure for table `m_branch` */


DROP TABLE IF EXISTS `m_branch`;

CREATE TABLE `m_branch` (
  `manager_code` varchar(20) NOT NULL,
  `code` varchar(20) NOT NULL,
  `name` varchar(100) DEFAULT NULL,
  `address` varchar(300) DEFAULT NULL,
  `phone01` varchar(12) DEFAULT NULL,
  `phone02` varchar(12) DEFAULT NULL,
  `phone03` varchar(12) DEFAULT NULL,
  `action_date` timestamp NULL DEFAULT CURRENT_TIMESTAMP,
  PRIMARY KEY (`code`),
  KEY `manager_code` (`manager_code`),
  CONSTRAINT `m_branch_ibfk_1` FOREIGN KEY (`manager_code`) REFERENCES `m_officer` (`code`)
) ENGINE=InnoDB DEFAULT CHARSET=latin1;


/*Data for the table `m_branch` */




/*Table structure for table `m_calendar` */


DROP TABLE IF EXISTS `m_calendar`;

CREATE TABLE `m_calendar` (
  `s_no` bigint(20) NOT NULL AUTO_INCREMENT,
  `date` date NOT NULL,
  `desc` varchar(500) DEFAULT NULL,
  `bc` varchar(20) NOT NULL,
  `status` varbinary(5) DEFAULT NULL,
  `action_date` timestamp NOT NULL DEFAULT CURRENT_TIMESTAMP,
  `oc` varbinary(10) DEFAULT NULL,
  PRIMARY KEY (`date`,`bc`),
  KEY `s_no` (`s_no`)
) ENGINE=InnoDB DEFAULT CHARSET=latin1;


/*Data for the table `m_calendar` */




/*Table structure for table `m_center` */


DROP TABLE IF EXISTS `m_center`;

CREATE TABLE `m_center` (
  `code` varchar(20) NOT NULL,
  `description` varchar(100) DEFAULT NULL,
  `address` varchar(300) DEFAULT NULL,
  `phone01` varchar(12) DEFAULT NULL,
  `phone02` varchar(12) DEFAULT NULL,
  `phone03` varchar(12) DEFAULT NULL,
  `officer_code` varchar(20) NOT NULL,
  `leader_code` varchar(20) NOT NULL,
  `regon_code` varchar(20) DEFAULT NULL,
  `bc` varchar(20) DEFAULT NULL,
  `action_date` timestamp NULL DEFAULT CURRENT_TIMESTAMP,
  PRIMARY KEY (`code`),
  KEY `officer_code` (`officer_code`),
  KEY `leader_code` (`leader_code`),
  KEY `regon_code` (`regon_code`),
  CONSTRAINT `m_center_ibfk_1` FOREIGN KEY (`officer_code`) REFERENCES `m_officer` (`code`),
  CONSTRAINT `m_center_ibfk_2` FOREIGN KEY (`regon_code`) REFERENCES `m_region` (`code`)
) ENGINE=InnoDB DEFAULT CHARSET=latin1;


/*Data for the table `m_center` */


LOCK TABLES `m_center` WRITE;


INSERT INTO `m_center` (`code`, `description`, `address`, `phone01`, `phone02`, `phone03`, `officer_code`, `leader_code`, `regon_code`, `bc`, `action_date`) VALUES ('001001', 'Insurance', 'Head Office', '812365766', '', '', '001', '', '003', '001', '2013-12-13 02:24:25'),('004001', 'Perawanguwa', 'Perawanguwa,
Haguranketa.', '716440752', '', '', '013', '', '003', '004', '2013-12-15 20:23:00'),('BABATDMC008', 'Pahangama', 'Pahangama Panadara', '0722130905', '', '', '006', '', '005', 'BA', '2014-06-10 05:45:42'),('BATDMC001', 'Panadura', 'Suduwella Road,Panadura', '77-9147023', '', '', '007', '', '005', 'BA', '2013-12-18 23:13:06'),('BATDMC002', 'Bandaragama', 'Weedagama,
Bandaragama', '11111', '', '', '007', '', '002', 'BA', '2014-01-25 11:20:51'),('BATDMC003', 'Wavita', 'Wavita,Bandaragama', '1111111111', '', '', '017', '', '002', 'BA', '2014-01-25 11:22:22'),('BATDMC004', 'Morawinna ', 'Morawinna Panadura 
', '77-8100690', '', '', '017', '', '005', 'BA', '2014-01-08 02:53:43'),('BATDMC005', 'Eluwila', 'Eluwila Panadura', '723366775', '', '', '017', '', '005', 'BA', '2014-01-08 02:53:42'),('BATDMC006', 'Malamulla ', 'Malamulla Panadura ', '0778500680', '-', '-', '007', '', '005', 'BA', '2014-02-06 21:29:02'),('BATDMC007', 'Alubomulla', 'Alubomulla,Panadura', '0716263086', '', '', '007', '', '002', 'BA', '2014-02-21 03:38:54'),('HA001', 'Perawanguwa', 'Perawanguwa,
Hanguranketha.', '71-6440752', '', '', '013', '', '003', 'HA', '2013-12-19 05:10:58'),('HA002', 'Hanguranketha', 'Adikarigama Road,
Hanguranketha.', '71-5274820', '', '', '018', '', '003', 'HA', '2013-12-19 05:11:30'),('HA003', 'Labuhenwala', 'Poramadulla, Rikillagaskada', '81-7923430', '', '', '008', '', '003', 'HA', '2013-12-19 05:11:25'),('HA004', 'Mandaramnuwara', 'Malsaranuwara, 
Mandaramnuwara.', '72-2725458', '', '', '013', '', '003', 'HA', '2013-12-19 05:15:00'),('HA005', 'Hewahata', 'Rahathungoda, Hewahata', '77-7458661', '', '', '008', '', '003', 'HA', '2013-12-19 05:15:07'),('HA006', 'Munwaththa', 'Wetakolu Madiththa,munwaththa', '712198055', '', '', '018', '', '003', 'HA', '2014-02-20 02:02:40'),('HA007', 'Ampitigoda', 'Ampitigoda,Mathurata ', '0715656807', '', '', '018', '', '003', 'HA', '2014-07-09 05:21:31'),('HA008', 'Diyabubula', 'Diyabubula,Rikillagaskada.', '0723700837', '', '', '021', '', '003', 'HA', '2014-08-06 01:41:12'),('KT001', 'test desv', 'o 1234', '123456789', '', '', '001', '', '001', 'KT', '2013-12-17 21:29:23'),('KTTDMC001', 'MAGGONA', 'MAGGONA,
KALUTARA', '', '72-5308538', '', '016', '', '001', 'KT', '2013-12-17 22:05:12'),('KTTDMC002', 'Millagas Handiya', 'Millagas Handiya,
Kalutara', '77-6205339', '', '', '009', '', '001', 'KT', '2013-12-17 23:01:37'),('KTTDMC003', 'Janapadaya', 'Panapitiya Road,31 Waththa,Janapadaya', '38-5680079', '', '', '011', '', '001', 'KT', '2013-12-18 01:19:46'),('KTTDMC004', 'Rosawaththa', 'Rosawaththa Kalutara', '77-9830292', '', '', '010', '', '001', 'KT', '2013-12-18 01:19:46'),('KTTDMC005', 'Niggrodarama', 'Niggrodarama Temple,Kalutara North', '71-6163544', '', '', '014', '', '001', 'KT', '2013-12-18 01:20:21'),('KTTDMC006', 'Sandun Uyana', 'Sandun Uyana,
Kalutara South.', '34-2221201', '', '', '010', '', '001', 'KT', '2013-12-18 01:19:46'),('KTTDMC007', 'Kapthuru Sewana', 'Kapthuru Sewna Delduwa Wathduwa', '77-8954264', '', '', '011', '', '001', 'KT', '2013-12-18 01:19:48'),('KTTDMC008', 'Moragaha kanda', 'Moragaha kanda kalutara', '34-5681271', '', '', '016', '', '001', 'KT', '2013-12-18 01:19:46'),('KTTDMC009', 'Duwapansala', '31.Waththa, Janapadaya Kalutara                 ', '77-1996812', '', '', '016', '', '001', 'KT', '2013-12-18 01:16:46'),('KTTDMC010', 'Kalamulla 02', 'Sri Sudarshanarama road,Kalamulla,kalutara', '34-2224804', '', '', '011', '', '001', 'KT', '2013-12-18 01:26:24'),('KTTDMC011', 'Kitulawa 01', 'Red Cross Kitulawa ,
Kalutara South.
', '71-7891213', '', '', '010', '', '001', 'KT', '2013-12-18 01:26:16'),('KTTDMC012', 'Cental Handiya', 'Cental handiya ,kalutara', '77-3216502', '', '', '016', '', '001', 'KT', '2013-12-18 01:26:17'),('KTTDMC013', 'Dewalakanda', 'Ragalawela Halkadavila Payagala', '77-4181910', '', '', '009', '', '001', 'KT', '2013-12-18 01:27:10'),('KTTDMC014', 'Bothuwaththa', 'Bothuwaththa,Kalutara South', '34-2224209', '', '', '010', '', '001', 'KT', '2013-12-18 01:31:16'),('KTTDMC015', 'Pothupitiya', 'Pothupitiya,
Kalutara.', '', '034', '', '011', '', '001', 'KT', '2014-02-06 10:00:49'),('KTTDMC016', 'Dewalakanda 2', 'Katukurudugahalanda, Pothuvila , Payagala.', '077-582607', '', '', '019', '', '001', 'KT', '2014-06-16 04:44:33');


UNLOCK TABLES;




/*Table structure for table `m_defult_account` */


DROP TABLE IF EXISTS `m_defult_account`;

CREATE TABLE `m_defult_account` (
  `cash_in_hand` varchar(200) DEFAULT NULL,
  `cheque_in_hand` varchar(200) DEFAULT NULL,
  `issued_cheque` varchar(200) DEFAULT NULL,
  `debtor_control` varchar(200) DEFAULT NULL,
  `creditor_control` varchar(200) DEFAULT NULL,
  `sales` varchar(200) DEFAULT NULL,
  `purchase` varchar(200) DEFAULT NULL,
  `discount` varchar(200) DEFAULT NULL,
  `purchase_return` varchar(200) DEFAULT NULL,
  `sales_return` varchar(200) DEFAULT NULL,
  `stock` varchar(100) DEFAULT '',
  `vat` varchar(100) DEFAULT NULL,
  `good_in_transist` varchar(100) DEFAULT NULL,
  `cost_of_sales` varchar(100) DEFAULT NULL,
  `customer_discount` varchar(100) DEFAULT NULL,
  `advance` varchar(100) DEFAULT NULL,
  `interst_income` varchar(100) DEFAULT NULL,
  `payable_insurance` varchar(100) DEFAULT NULL,
  `cash_in_hand_vou` varchar(100) DEFAULT NULL
) ENGINE=InnoDB DEFAULT CHARSET=latin1;


/*Data for the table `m_defult_account` */


LOCK TABLES `m_defult_account` WRITE;


INSERT INTO `m_defult_account` (`cash_in_hand`, `cheque_in_hand`, `issued_cheque`, `debtor_control`, `creditor_control`, `sales`, `purchase`, `discount`, `purchase_return`, `sales_return`, `stock`, `vat`, `good_in_transist`, `cost_of_sales`, `customer_discount`, `advance`, `interst_income`, `payable_insurance`, `cash_in_hand_vou`) VALUES ('1-330101', '1-330301', '2-500100', '1-310100', '', '', '', '', '', '', '1-410000', '', '', '', '', '2-500200', '3-100100', '2-520100', '1-330101');


UNLOCK TABLES;




/*Table structure for table `m_distric` */


DROP TABLE IF EXISTS `m_distric`;

CREATE TABLE `m_distric` (
  `code` varchar(20) NOT NULL,
  `description` varchar(100) DEFAULT NULL,
  `action_date` timestamp NULL DEFAULT CURRENT_TIMESTAMP,
  PRIMARY KEY (`code`)
) ENGINE=InnoDB DEFAULT CHARSET=latin1;


/*Data for the table `m_distric` */


LOCK TABLES `m_distric` WRITE;


INSERT INTO `m_distric` (`code`, `description`, `action_date`) VALUES ('001', 'Colombo', ''),('002', 'Kalutara', '2013-07-01 05:29:44'),('003', 'Kandy', '2013-07-01 05:29:54'),('004', 'Matale', '2013-07-02 02:02:09'),('005', 'Jaffna', '2013-12-13 02:23:02'),('006', 'Nuwara Eliya', '2014-01-09 23:05:55'),('007', 'Kalutara 01', '2014-06-26 04:23:13');


UNLOCK TABLES;




/*Table structure for table `m_group` */


DROP TABLE IF EXISTS `m_group`;

CREATE TABLE `m_group` (
  `center_code` varchar(20) DEFAULT NULL,
  `leader_code` varchar(20) DEFAULT NULL,
  `code` varchar(20) NOT NULL,
  `description` varchar(100) DEFAULT NULL,
  `address` varchar(300) DEFAULT NULL,
  `action_date` timestamp NULL DEFAULT CURRENT_TIMESTAMP,
  PRIMARY KEY (`code`),
  KEY `center_code` (`center_code`),
  KEY `leader_code` (`leader_code`),
  CONSTRAINT `m_group_ibfk_1` FOREIGN KEY (`center_code`) REFERENCES `m_center` (`code`)
) ENGINE=InnoDB DEFAULT CHARSET=latin1;


/*Data for the table `m_group` */


LOCK TABLES `m_group` WRITE;


INSERT INTO `m_group` (`center_code`, `leader_code`, `code`, `description`, `address`, `action_date`) VALUES ('001001', '', '001001', 'Group 1', 'no 123 abc', '2013-12-13 02:25:00'),('BATDMC001', '', 'BA001-1', 'Pan-1', '', '2014-01-25 11:22:56'),('BATDMC001', '', 'BA001-10', 'Pan-10', '', '2014-01-25 11:24:37'),('BATDMC001', '', 'BA001-2', 'Pan-2', '', '2014-01-25 11:23:06'),('BATDMC001', '', 'BA001-3', 'Pan-3', '', '2014-01-25 11:23:16'),('BATDMC001', '', 'BA001-4', 'Pan-4', '', '2014-01-25 11:23:26'),('BATDMC001', '', 'BA001-5', 'Pan-5', '', '2014-01-25 11:23:40'),('BATDMC001', '', 'BA001-6', 'Pan-6', '', '2014-01-25 11:23:51'),('BATDMC001', '', 'BA001-7', 'Pan-7', '', '2014-01-25 11:24:04'),('BATDMC001', '', 'BA001-8', 'Pan-8', '', '2014-01-25 11:24:15'),('BATDMC001', '', 'BA001-9', 'Pan-9', '', '2014-01-25 11:24:27'),('BATDMC002', '', 'BA002-1', 'Ban-1', '', '2014-01-25 11:24:52'),('BATDMC002', '', 'BA002-10', 'Ban-10', '', '2014-01-25 11:26:33'),('BATDMC002', '', 'BA002-2', 'Ban-2', '', '2014-01-25 11:25:06'),('BATDMC002', '', 'BA002-3', 'Ban-3', '', '2014-01-25 11:25:15'),('BATDMC002', '', 'BA002-4', 'Ban-4', '', '2014-01-25 11:25:30'),('BATDMC002', '', 'BA002-5', 'Ban-5', '', '2014-01-25 11:25:46'),('BATDMC002', '', 'BA002-6', 'Ban-6', '', '2014-01-25 11:25:56'),('BATDMC002', '', 'BA002-7', 'Ban-7', '', '2014-01-25 11:26:05'),('BATDMC002', '', 'BA002-8', 'Ban-8', '', '2014-01-25 11:26:14'),('BATDMC002', '', 'BA002-9', 'Ban-9', '', '2014-01-25 11:26:23'),('BATDMC003', '', 'BA003-1', 'Wav-1', '', '2014-01-25 11:26:44'),('BATDMC003', '', 'BA003-10', 'Wav-10', '', '2014-01-25 11:28:23'),('BATDMC003', '', 'BA003-11', 'Wav-11', '', '2014-01-27 03:53:36'),('BATDMC003', '', 'BA003-12', 'Wav-12', '', '2014-01-27 03:53:48'),('BATDMC003', '', 'BA003-13', 'Wav-13', '', '2014-01-27 03:53:59'),('BATDMC003', '', 'BA003-14', 'Wav-14', '', '2014-01-27 03:54:10'),('BATDMC003', '', 'BA003-15', 'Wav-15', '', '2014-01-27 03:54:22'),('BATDMC003', '', 'BA003-2', 'Wav-2', '', '2014-01-25 11:26:53'),('BATDMC003', '', 'BA003-3', 'Wav-3', '', '2014-01-25 11:27:13'),('BATDMC003', '', 'BA003-4', 'Wav-4', '', '2014-01-25 11:27:23'),('BATDMC003', '', 'BA003-5', 'Wav-5', '', '2014-01-25 11:27:33'),('BATDMC003', '', 'BA003-6', 'Wav-6', '', '2014-01-25 11:27:42'),('BATDMC003', '', 'BA003-7', 'Wav-7', '', '2014-01-25 11:27:52'),('BATDMC003', '', 'BA003-8', 'Wav-8', '', '2014-01-25 11:28:02'),('BATDMC003', '', 'BA003-9', 'Wav-9', '', '2014-01-25 11:28:11'),('BATDMC004', '', 'BA004-1', 'Mor-1', '', '2014-01-25 11:28:38'),('BATDMC004', '', 'BA004-10', 'Mor-10', '', '2014-01-25 11:30:30'),('BATDMC004', '', 'BA004-11', 'Mor-11', '', '2014-01-27 03:54:36'),('BATDMC004', '', 'BA004-12', 'Mor-12', '', '2014-01-27 03:54:48'),('BATDMC004', '', 'BA004-13', 'Mor-13', '', '2014-01-27 03:55:00'),('BATDMC004', '', 'BA004-14', 'Mor-14', '', '2014-01-27 03:55:28'),('BATDMC004', '', 'BA004-15', 'Mor-15', '', '2014-01-27 03:55:49'),('BATDMC004', '', 'BA004-16', 'Mor-16', '', '2014-01-27 03:57:26'),('BATDMC004', '', 'BA004-17', 'Mor-17', '', '2014-01-27 03:57:40'),('BATDMC004', '', 'BA004-18', 'Mor-18', '', '2014-01-27 03:57:53'),('BATDMC004', '', 'BA004-19', 'Mor-19', '', '2014-01-27 03:58:03'),('BATDMC004', '', 'BA004-2', 'Mor-2', '', '2014-01-25 11:28:48'),('BATDMC004', '', 'BA004-20', 'Mor-20', '', '2014-01-27 03:58:14'),('BATDMC004', '', 'BA004-3', 'Mor-3', '', '2014-01-25 11:28:58'),('BATDMC004', '', 'BA004-4', 'Mor-4', '', '2014-01-25 11:29:26'),('BATDMC004', '', 'BA004-5', 'Mor-5', '', '2014-01-25 11:29:39'),('BATDMC004', '', 'BA004-6', 'Mor-6', '', '2014-01-25 11:29:49'),('BATDMC004', '', 'BA004-7', 'Mor-7', '', '2014-01-25 11:29:59'),('BATDMC004', '', 'BA004-8', 'Mor-8', '', '2014-01-25 11:30:09'),('BATDMC004', '', 'BA004-9', 'Mor-9', '', '2014-01-25 11:30:19'),('BATDMC005', '', 'BA005-1', 'Elu-1', '', '2014-01-25 11:30:44'),('BATDMC005', '', 'BA005-10', 'Elu-10', '', '2014-01-25 11:32:37'),('BATDMC005', '', 'BA005-11', 'Elu-11', '', '2014-01-27 03:58:31'),('BATDMC005', '', 'BA005-12', 'Elu-12', '', '2014-01-27 03:58:44'),('BATDMC005', '', 'BA005-13', 'Elu-13', '', '2014-01-27 03:58:59'),('BATDMC005', '', 'BA005-14', 'Elu-14', '', '2014-01-27 03:59:11'),('BATDMC005', '', 'BA005-15', 'Elu-15', '', '2014-01-27 03:59:47'),('BATDMC005', '', 'BA005-2', 'Elu-2', '', '2014-01-25 11:31:02'),('BATDMC005', '', 'BA005-3', 'Elu-3', '', '2014-01-25 11:31:18'),('BATDMC005', '', 'BA005-4', 'Elu-4', '', '2014-01-25 11:31:28'),('BATDMC005', '', 'BA005-5', 'Elu-5', '', '2014-01-25 11:31:37'),('BATDMC005', '', 'BA005-6', 'Elu-6', '', '2014-01-25 11:31:47'),('BATDMC005', '', 'BA005-7', 'Elu-7', '', '2014-01-25 11:31:56'),('BATDMC005', '', 'BA005-8', 'Elu-8', '', '2014-01-25 11:32:08'),('BATDMC005', '', 'BA005-9', 'Elu-9', '', '2014-01-25 11:32:20'),('BATDMC006', '', 'BA006-1', 'Mal-1', '', '2014-02-06 21:30:34'),('BATDMC006', '', 'BA006-10', 'Mal-10', '', '2014-02-06 21:32:27'),('BATDMC006', '', 'BA006-2', 'Mal-2', '', '2014-02-06 21:30:42'),('BATDMC006', '', 'BA006-3', 'Mal-3', '', '2014-02-06 21:30:52'),('BATDMC006', '', 'BA006-4', 'Mal-4', '', '2014-02-06 21:31:03'),('BATDMC006', '', 'BA006-5', 'Mal-5', '', '2014-02-06 21:31:13'),('BATDMC006', '', 'BA006-6', 'Mal-6', '', '2014-02-06 21:31:37'),('BATDMC006', '', 'BA006-7', 'Mal-7', '', '2014-02-06 21:31:46'),('BATDMC006', '', 'BA006-8', 'Mal-8', '', '2014-02-06 21:31:55'),('BATDMC006', '', 'BA006-9', 'Mal-9', '', '2014-02-06 21:32:10'),('BABATDMC008', '', 'BA008-1', 'pah-1', '', '2014-06-10 05:49:59'),('BABATDMC008', '', 'BA008-10', 'pah-10', '', '2014-07-07 04:35:05'),('BABATDMC008', '', 'BA008-11', 'pah-11', '', '2014-07-07 04:35:24'),('BABATDMC008', '', 'BA008-12', 'pah-12', '', '2014-07-07 04:35:45'),('BABATDMC008', '', 'BA008-2', 'pah-2', '', '2014-06-10 05:50:22'),('BABATDMC008', '', 'BA008-3', 'pah-3', '', '2014-06-10 05:50:38'),('BABATDMC008', '', 'BA008-4', 'pah-4', '', '2014-06-10 05:51:00'),('BABATDMC008', '', 'BA008-5', 'pah-5', '', '2014-06-10 05:51:22'),('BABATDMC008', '', 'BA008-6', 'pah-6', '', '2014-06-10 05:51:40'),('BABATDMC008', '', 'BA008-7', 'pah-7', '', '2014-07-07 04:34:13'),('BABATDMC008', '', 'BA008-8', 'pah-8', '', '2014-07-07 04:34:31'),('BABATDMC008', '', 'BA008-9', 'pah-9', '', '2014-07-07 04:34:50'),('BATDMC007', '', 'BABA007-1', 'Alu-1', '', '2014-02-21 04:06:46'),('BATDMC007', '', 'BABA008-1', 'Pah-1', '', '2014-06-10 05:49:09'),('HA001', '', 'HA001-1', 'Per-1', '', '2014-01-25 11:07:00'),('HA001', '', 'HA001-10', 'Per-10', '', '2014-01-25 11:08:52'),('HA001', '', 'HA001-2', 'Per-2', '', '2014-01-25 11:07:14'),('HA001', '', 'HA001-3', 'Per-3', '', '2014-01-25 11:07:28'),('HA001', '', 'HA001-4', 'Per-4', '', '2014-01-25 11:07:38'),('HA001', '', 'HA001-5', 'Per-5', '', '2014-01-25 11:07:49'),('HA001', '', 'HA001-6', 'Per-6', '', '2014-01-25 11:07:59'),('HA001', '', 'HA001-7', 'Per-7', '', '2014-01-25 11:08:16'),('HA001', '', 'HA001-8', 'Per-8', '', '2014-01-25 11:08:28'),('HA001', '', 'HA001-9', 'Per-9', '', '2014-01-25 11:08:41'),('HA002', '', 'HA002-1', 'Hag-1', '', '2014-01-25 11:09:06'),('HA002', '', 'HA002-10', 'Hag-10', '', '2014-01-25 11:11:08'),('HA002', '', 'HA002-11', 'Hag-11', '', '2014-02-20 10:52:29'),('HA002', '', 'HA002-12', 'Hag-12', '', '2014-02-20 10:52:47'),('HA002', '', 'HA002-13', 'Hag-13', '', '2014-02-20 10:53:04'),('HA002', '', 'HA002-14', 'Hag-14', '', '2014-07-04 00:32:46'),('HA002', '', 'HA002-2', 'Hag-2', '', '2014-01-25 11:09:19'),('HA002', '', 'HA002-3', 'Hag-3', '', '2014-01-25 11:09:32'),('HA002', '', 'HA002-4', 'Hag-4', '', '2014-01-25 11:09:44'),('HA002', '', 'HA002-5', 'Hag-5', '', '2014-02-19 07:04:28'),('HA002', '', 'HA002-6', 'Hag-6', '', '2014-01-25 11:09:59'),('HA002', '', 'HA002-7', 'Hag-7', '', '2014-01-25 11:10:09'),('HA002', '', 'HA002-8', 'Hag-8', '', '2014-01-25 11:10:20'),('HA002', '', 'HA002-9', 'Hag-9', '', '2014-01-25 11:10:31'),('HA003', '', 'HA003-1', 'Lab-1', '', '2014-01-25 11:11:19'),('HA003', '', 'HA003-10', 'Lab-10', '', '2014-01-25 11:13:17'),('HA003', '', 'HA003-11', 'Lab-11', '', '2014-01-30 07:07:55'),('HA003', '', 'HA003-12', 'Lab-12', '', '2014-01-30 07:08:39'),('HA003', '', 'HA003-13', 'Lab-13', '', '2014-02-19 07:00:55'),('HA003', '', 'HA003-15', 'Lab-15', '', '2014-02-20 09:24:44'),('HA003', '', 'HA003-17', 'Lab-17', '', '2014-02-20 09:23:32'),('HA003', '', 'HA003-18', 'Lab-18', '', '2014-03-06 03:49:25'),('HA003', '', 'HA003-2', 'Lab-2', '', '2014-01-25 11:11:31'),('HA003', '', 'HA003-3', 'Lab-3', '', '2014-01-25 11:11:50'),('HA003', '', 'HA003-4', 'Lab-4', '', '2014-01-25 11:12:00'),('HA003', '', 'HA003-5', 'Lab-5', '', '2014-01-25 11:12:12'),('HA003', '', 'HA003-6', 'Lab-6', '', '2014-01-25 11:12:22'),('HA003', '', 'HA003-7', 'Lab-7', '', '2014-01-25 11:12:32'),('HA003', '', 'HA003-8', 'Lab-8', '', '2014-01-25 11:12:46'),('HA003', '', 'HA003-9', 'Lab-9', '', '2014-01-25 11:13:03'),('HA004', '', 'HA004-1', 'Man-1', '', '2014-01-25 11:13:31'),('HA004', '', 'HA004-10', 'Man-10', '', '2014-01-25 11:15:18'),('HA004', '', 'HA004-11', 'Man-11', '', '2014-02-20 02:09:09'),('HA004', '', 'HA004-12', 'Man-12', '', '2014-02-20 02:09:50'),('HA004', '', 'HA004-2', 'Man-2', '', '2014-01-25 11:13:42'),('HA004', '', 'HA004-3', 'Man-3', '', '2014-01-25 11:13:52'),('HA004', '', 'HA004-4', 'Man-4', '', '2014-01-25 11:14:03'),('HA004', '', 'HA004-5', 'Man-5', '', '2014-01-25 11:14:15'),('HA004', '', 'HA004-6', 'Man-6', '', '2014-01-25 11:14:27'),('HA004', '', 'HA004-7', 'Man-7', '', '2014-01-25 11:14:38'),('HA004', '', 'HA004-8', 'Man-8', '', '2014-01-25 11:14:57'),('HA004', '', 'HA004-9', 'Man-9', '', '2014-01-25 11:15:07'),('HA005', '', 'HA005-1', 'Hew-1', '', '2014-01-25 11:15:30'),('HA005', '', 'HA005-10', 'Hew-10', '', '2014-01-25 11:17:18'),('HA005', '', 'HA005-2', 'Hew-2', '', '2014-01-25 11:15:40'),('HA005', '', 'HA005-3', 'Hew-3', '', '2014-01-25 11:16:02'),('HA005', '', 'HA005-4', 'Hew-4', '', '2014-01-25 11:16:17'),('HA005', '', 'HA005-5', 'Hew-5', '', '2014-01-25 11:16:27'),('HA005', '', 'HA005-6', 'Hew-6', '', '2014-01-25 11:16:38'),('HA005', '', 'HA005-7', 'Hew-7', '', '2014-01-25 11:16:48'),('HA005', '', 'HA005-8', 'Hew-8', '', '2014-01-25 11:16:58'),('HA005', '', 'HA005-9', 'Hew-9', '', '2014-01-25 11:17:08'),('HA006', '', 'HA006-1', 'Mun-1', '', '2014-02-20 02:11:18'),('HA006', '', 'HA006-2', 'Mun-2', '', '2014-02-20 02:12:08'),('HA006', '', 'HA006-3', 'Mun-3', '', '2014-02-20 02:15:32'),('HA006', '', 'HA006-4', 'Mun-4', '', '2014-02-20 02:16:12'),('HA007', '', 'HA007-1', 'Amp-1', '', '2014-07-09 05:23:26'),('HA007', '', 'HA007-10', 'Amp-10', '', '2014-07-09 05:37:00'),('HA007', '', 'HA007-2', 'Amp-2', '', '2014-07-09 05:23:50'),('HA007', '', 'HA007-3', 'Amp-3', '', '2014-07-09 05:24:03'),('HA007', '', 'HA007-4', 'Amp-4', '', '2014-07-09 05:24:19'),('HA007', '', 'HA007-5', 'Amp-5', '', '2014-07-09 05:26:25'),('HA007', '', 'HA007-6', 'Amp-6', '', '2014-07-09 05:26:45'),('HA007', '', 'HA007-7', 'Amp-7', '', '2014-07-09 05:36:17'),('HA007', '', 'HA007-8', 'Amp-8', '', '2014-07-09 05:36:30'),('HA007', '', 'HA007-9', 'Amp-9', '', '2014-07-09 05:36:46'),('HA008', '', 'HA008-1', 'Diy-1', '', '2014-08-06 01:52:13'),('HA008', '', 'HA008-2', 'Diy-2', '', '2014-08-06 01:53:08'),('HA008', '', 'HA008-3', 'Diy-3', '', '2014-08-06 01:53:24'),('HA008', '', 'HA008-4', 'Diy-4', '', '2014-08-06 01:53:34'),('HA008', '', 'HA008-5', 'Diy-5', '', '2014-08-06 01:54:04'),('HA003', '', 'HA18', 'Lab-18', '', '2014-03-06 03:47:31'),('HA003', '', 'HAHA-003', 'Lab-16', '', '2014-02-20 09:21:56'),('HA004', '', 'HAha004', '14', '', '2014-03-11 02:04:12'),('HA004', '', 'HAHA_0004', 'Man-13', '', '2014-03-11 02:34:21'),('KTTDMC002', '', 'KT001-1', 'Mill-1', '', '2014-01-25 11:00:38'),('KTTDMC002', '', 'KT001-10', 'Mill-10', '', '2014-01-25 11:02:55'),('KTTDMC002', '', 'KT001-2', 'Mill-2', '', '2014-01-25 11:01:08'),('KTTDMC002', '', 'KT001-3', 'Mill-3', '', '2014-01-25 11:01:21'),('KTTDMC002', '', 'KT001-4', 'Mill-4', '', '2014-01-25 11:01:36'),('KTTDMC002', '', 'KT001-5', 'Mill-5', '', '2014-01-25 11:01:50'),('KTTDMC002', '', 'KT001-6', 'Mill-6', '', '2014-01-25 11:02:06'),('KTTDMC002', '', 'KT001-7', 'Mill-7', '', '2014-01-25 11:02:20'),('KTTDMC002', '', 'KT001-8', 'Mill-8', '', '2014-01-25 11:02:30'),('KTTDMC002', '', 'KT001-9', 'Mill-9', '', '2014-01-25 11:02:44'),('KTTDMC001', '', 'KT002-1', 'Magg-1', '', '2014-01-18 06:52:33'),('KTTDMC001', '', 'KT002-10', 'Magg-10', '', '2014-01-18 06:56:11'),('KTTDMC001', '', 'KT002-2', 'Magg-2', '', '2014-01-18 06:53:23'),('KTTDMC001', '', 'KT002-3', 'Magg-3', '', '2014-01-18 06:53:47'),('KTTDMC001', '', 'KT002-4', 'Magg-4', '', '2014-01-18 06:54:05'),('KTTDMC001', '', 'KT002-5', 'Magg-5', '', '2014-01-18 06:54:22'),('KTTDMC001', '', 'KT002-6', 'Magg-6', '', '2014-01-18 06:54:49'),('KTTDMC001', '', 'KT002-7', 'Magg-7', '', '2014-01-18 06:55:04'),('KTTDMC001', '', 'KT002-8', 'Magg-8', '', '2014-01-18 06:55:33'),('KTTDMC001', '', 'KT002-9', 'Magg-9', '', '2014-01-18 06:55:55'),('KTTDMC003', '', 'KT003-1', 'Jan-1', '', '2014-01-24 00:27:38'),('KTTDMC003', '', 'KT003-10', 'Jan-10', '', '2014-01-24 00:44:52'),('KTTDMC003', '', 'KT003-2', 'Jan-2', '', '2014-01-24 00:28:07'),('KTTDMC003', '', 'KT003-3', 'Jan-3', '', '2014-01-24 00:29:36'),('KTTDMC003', '', 'KT003-4', 'Jan-4', '', '2014-01-24 00:30:33'),('KTTDMC003', '', 'KT003-5', 'Jan-5', '', '2014-01-24 00:43:37'),('KTTDMC003', '', 'KT003-6', 'Jan-6', '', '2014-01-24 00:44:02'),('KTTDMC003', '', 'KT003-7', 'Jan-7', '', '2014-01-24 00:44:15'),('KTTDMC003', '', 'KT003-8', 'Jan-8', '', '2014-01-24 00:44:26'),('KTTDMC003', '', 'KT003-9', 'Jan-9', '', '2014-01-24 00:44:37'),('KTTDMC004', '', 'KT004-06', 'Ros-6', '', '2014-01-24 00:39:40'),('KTTDMC004', '', 'KT004-1', 'Ros-1', '', '2014-01-24 00:34:29'),('KTTDMC004', '', 'KT004-10', 'Ros-10', '', '2014-01-24 00:47:16'),('KTTDMC004', '', 'KT004-2', 'Ros-2', '', '2014-01-24 00:34:55'),('KTTDMC004', '', 'KT004-3', 'Ros-3', '', '2014-01-24 00:36:49'),('KTTDMC004', '', 'KT004-4', 'Ros-4', '', '2014-01-24 00:38:27'),('KTTDMC004', '', 'KT004-5', 'Ros-5', '', '2014-01-24 00:39:04'),('KTTDMC004', '', 'KT004-7', 'Ros-7', '', '2014-01-24 00:40:10'),('KTTDMC004', '', 'KT004-8', 'Ros-8', '', '2014-01-24 00:41:00'),('KTTDMC004', '', 'KT004-9', 'Ros-9', '', '2014-01-24 00:41:28'),('KTTDMC005', '', 'KT005-1', 'Nig-1', '', '2014-01-24 00:43:42'),('KTTDMC005', '', 'KT005-10', 'Nig-10', '', '2014-01-24 00:51:02'),('KTTDMC005', '', 'KT005-2', 'Nig-2', '', '2014-01-24 00:44:08'),('KTTDMC005', '', 'KT005-3', 'Nig-3', '', '2014-01-24 00:44:31'),('KTTDMC005', '', 'KT005-4', 'Nig-4', '', '2014-01-24 00:48:26'),('KTTDMC005', '', 'KT005-5', 'Nig-5', '', '2014-01-24 00:49:05'),('KTTDMC005', '', 'KT005-6', 'Nig-6', '', '2014-01-24 00:49:30'),('KTTDMC005', '', 'KT005-7', 'Nig-7', '', '2014-01-24 00:50:03'),('KTTDMC005', '', 'KT005-8', 'Nig-8', '', '2014-01-24 00:50:23'),('KTTDMC005', '', 'KT005-9', 'Nig-9', '', '2014-01-24 00:50:42'),('KTTDMC006', '', 'KT006-1', 'Sad-1', '', '2014-01-24 00:49:16'),('KTTDMC006', '', 'KT006-10', 'Sad-10', '', '2014-01-24 00:54:34'),('KTTDMC006', '', 'KT006-2', 'Sad-2', '', '2014-01-24 00:50:09'),('KTTDMC006', '', 'KT006-3', 'Sad-3', '', '2014-01-24 00:50:37'),('KTTDMC006', '', 'KT006-4', 'Sad-4', '', '2014-01-24 00:51:07'),('KTTDMC006', '', 'KT006-5', 'Sad-5', '', '2014-01-24 00:51:27'),('KTTDMC006', '', 'KT006-6', 'Sad-6', '', '2014-01-24 00:52:46'),('KTTDMC006', '', 'KT006-7', 'Sad-7', '', '2014-01-24 00:53:11'),('KTTDMC006', '', 'KT006-8', 'Sad-8', '', '2014-01-24 00:53:33'),('KTTDMC006', '', 'KT006-9', 'Sad-9', '', '2014-01-24 00:54:00'),('KT001', '', 'KT007', 'Test Group', '', '2014-02-26 23:28:49'),('KTTDMC007', '', 'KT007-1', 'Kap-1', '', '2014-01-24 00:54:44'),('KTTDMC007', '', 'KT007-10', 'Kap-10', '', '2014-01-24 00:58:43'),('KTTDMC007', '', 'KT007-2', 'Kap-2', '', '2014-01-24 00:55:25'),('KTTDMC007', '', 'KT007-3', 'Kap-3', '', '2014-01-24 00:55:46'),('KTTDMC007', '', 'KT007-4', 'Kap-4', '', '2014-01-24 00:56:08'),('KTTDMC007', '', 'KT007-5', 'Kap-5', '', '2014-01-24 00:56:32'),('KTTDMC007', '', 'KT007-6', 'Kap-6', '', '2014-01-24 00:56:57'),('KTTDMC007', '', 'KT007-7', 'Kap-7', '', '2014-01-24 00:57:16'),('KTTDMC007', '', 'KT007-8', 'Kap-8', '', '2014-01-24 00:57:35'),('KTTDMC007', '', 'KT007-9', 'Kap-9', '', '2014-01-24 00:58:24'),('KTTDMC008', '', 'KT008-1', 'Mor-1', '', '2014-01-24 00:53:27'),('KTTDMC008', '', 'KT008-10', 'Mor-10', '', '2014-01-24 00:56:03'),('KTTDMC008', '', 'KT008-2', 'Mor-2', '', '2014-01-24 00:53:40'),('KTTDMC008', '', 'KT008-3', 'Mor-3', '', '2014-01-24 00:53:50'),('KTTDMC008', '', 'KT008-4', 'Mor-4', '', '2014-01-24 00:54:07'),('KTTDMC008', '', 'KT008-5', 'Mor-5', '', '2014-01-24 00:54:17'),('KTTDMC008', '', 'KT008-6', 'Mor-6', '', '2014-01-24 00:54:27'),('KTTDMC008', '', 'KT008-7', 'Mor-7', '', '2014-01-24 00:54:53'),('KTTDMC008', '', 'KT008-8', 'Mor-8', '', '2014-01-24 00:55:30'),('KTTDMC008', '', 'KT008-9', 'Mor-9', '', '2014-01-24 00:55:43'),('KTTDMC009', '', 'KT009-1', 'Duw-1', '', '2014-01-24 00:57:38'),('KTTDMC009', '', 'KT009-10', 'Duw-10', '', '2014-01-24 01:03:43'),('KTTDMC009', '', 'KT009-2', 'Duw-2', '', '2014-01-24 00:58:30'),('KTTDMC009', '', 'KT009-3', 'Duw-3', '', '2014-01-24 00:58:58'),('KTTDMC009', '', 'KT009-4', 'Duw-4', '', '2014-01-24 00:59:34'),('KTTDMC009', '', 'KT009-5', 'Duw-5', '', '2014-01-24 00:59:58'),('KTTDMC009', '', 'KT009-6', 'Duw-6', '', '2014-01-24 01:00:22'),('KTTDMC009', '', 'KT009-7', 'Duw-7', '', '2014-01-24 01:01:26'),('KTTDMC009', '', 'KT009-8', 'Duw-8', '', '2014-01-24 01:02:31'),('KTTDMC009', '', 'KT009-9', 'Duw-9', '', '2014-01-24 01:03:06'),('KTTDMC010', '', 'KT010-1', 'Kal-1', '', '2014-01-24 01:00:23'),('KTTDMC010', '', 'KT010-10', 'Kal-10', '', '2014-01-24 01:05:08'),('KTTDMC010', '', 'KT010-2', 'Kal-2', '', '2014-01-24 01:01:45'),('KTTDMC010', '', 'KT010-3', 'Kal-3', '', '2014-01-24 01:02:35'),('KTTDMC010', '', 'KT010-4', 'Kal-4', '', '2014-01-24 01:03:05'),('KTTDMC010', '', 'KT010-5', 'Kal-5', '', '2014-01-24 01:03:24'),('KTTDMC010', '', 'KT010-6', 'Kal-6', '', '2014-01-24 01:03:46'),('KTTDMC010', '', 'KT010-7', 'Kal-7', '', '2014-01-24 01:04:04'),('KTTDMC010', '', 'KT010-8', 'Kal-8', '', '2014-01-24 01:04:25'),('KTTDMC010', '', 'KT010-9', 'Kal-9', '', '2014-01-24 01:04:46'),('KTTDMC011', '', 'KT011-1', 'Kit-1', '', '2014-01-24 01:02:44'),('KTTDMC011', '', 'KT011-10', 'Kit-10', '', '2014-01-24 01:04:43'),('KTTDMC011', '', 'KT011-2', 'Kit-2', '', '2014-01-24 01:02:57'),('KTTDMC011', '', 'KT011-3', 'Kit-3', '', '2014-01-24 01:03:15'),('KTTDMC011', '', 'KT011-4', 'Kit-4', '', '2014-01-24 01:03:29'),('KTTDMC011', '', 'KT011-5', 'Kit-5', '', '2014-01-24 01:03:39'),('KTTDMC011', '', 'KT011-6', 'Kit-6', '', '2014-01-24 01:03:50'),('KTTDMC011', '', 'KT011-7', 'Kit-7', '', '2014-01-24 01:03:59'),('KTTDMC011', '', 'KT011-8', 'Kit-8', '', '2014-01-24 01:04:15'),('KTTDMC011', '', 'KT011-9', 'Kit-9', '', '2014-01-24 01:04:27'),('KTTDMC012', '', 'KT012-1', 'Cen-1', '', '2014-01-24 01:04:54'),('KTTDMC012', '', 'KT012-10', 'Cen-10', '', '2014-01-24 01:08:23'),('KTTDMC012', '', 'KT012-2', 'Cen-2', '', '2014-01-24 01:05:21'),('KTTDMC012', '', 'KT012-3', 'Cen-3', '', '2014-01-24 01:05:45'),('KTTDMC012', '', 'KT012-4', 'Cen-4', '', '2014-01-24 01:06:05'),('KTTDMC012', '', 'KT012-5', 'Cen-5', '', '2014-01-24 01:06:24'),('KTTDMC012', '', 'KT012-6', 'Cen-6', '', '2014-01-24 01:06:48'),('KTTDMC012', '', 'KT012-7', 'Cen-7', '', '2014-01-24 01:07:09'),('KTTDMC012', '', 'KT012-8', 'Cen-8', '', '2014-01-24 01:07:35'),('KTTDMC012', '', 'KT012-9', 'Cen-9', '', '2014-01-24 01:07:57'),('KTTDMC013', '', 'KT013-1', 'Dew-1', '', '2014-01-24 01:05:27'),('KTTDMC013', '', 'KT013-10', 'Dew-10', '', '2014-01-24 01:13:13'),('KTTDMC013', '', 'KT013-11', 'Dew-11', '', '2014-01-27 03:34:15'),('KTTDMC013', '', 'KT013-12', 'Dew-12', '', '2014-01-27 03:35:49'),('KTTDMC013', '', 'KT013-13', 'Dew-13', '', '2014-01-27 03:36:20'),('KTTDMC013', '', 'KT013-14', 'Dew-14', '', '2014-01-27 03:37:11'),('KTTDMC013', '', 'KT013-2', 'Dew-2', '', '2014-01-24 01:05:38'),('KTTDMC013', '', 'KT013-3', 'Dew-3', '', '2014-01-24 01:05:49'),('KTTDMC013', '', 'KT013-4', 'Dew-4', '', '2014-01-24 01:06:03'),('KTTDMC013', '', 'KT013-5', 'Dew-5', '', '2014-01-24 01:06:14'),('KTTDMC013', '', 'KT013-6', 'Dew-6', '', '2014-01-24 01:06:25'),('KTTDMC013', '', 'KT013-7', 'Dew-7', '', '2014-01-24 01:06:47'),('KTTDMC013', '', 'KT013-8', 'Dew-8', '', '2014-01-24 01:12:46'),('KTTDMC013', '', 'KT013-9', 'Dew-9', '', '2014-01-24 01:12:58'),('KTTDMC014', '', 'KT014-1', 'Bot-1', '', '2014-01-24 01:05:51'),('KTTDMC014', '', 'KT014-10', 'Bot-10', '', '2014-01-24 01:09:49'),('KTTDMC014', '', 'KT014-2', 'Bot-2', '', '2014-01-24 01:06:14'),('KTTDMC014', '', 'KT014-3', 'Bot-3', '', '2014-01-24 01:06:46'),('KTTDMC014', '', 'KT014-4', 'Bot-4', '', '2014-01-24 01:07:12'),('KTTDMC014', '', 'KT014-5', 'Bot-5', '', '2014-01-24 01:07:34'),('KTTDMC014', '', 'KT014-6', 'Bot-6', '', '2014-01-24 01:07:53'),('KTTDMC014', '', 'KT014-7', 'Bot-7', '', '2014-01-24 01:08:38'),('KTTDMC014', '', 'KT014-8', 'Bot-8', '', '2014-01-24 01:09:11'),('KTTDMC014', '', 'KT014-9', 'Bot-9', '', '2014-01-24 01:09:31'),('KTTDMC015', '', 'KT015-1', 'pot-1', '', '2014-02-07 00:27:30'),('KTTDMC015', '', 'KT015-10', 'Pot-10', '', '2014-02-07 00:38:05'),('KTTDMC015', '', 'KT015-2', 'Pot-2', '', '2014-02-07 00:30:12'),('KTTDMC015', '', 'KT015-3', 'Pot-3', '', '2014-02-07 00:31:26'),('KTTDMC015', '', 'KT015-4', 'Pot-4', '', '2014-02-07 00:32:42'),('KTTDMC015', '', 'KT015-5', 'Pot-5', '', '2014-02-07 00:33:39'),('KTTDMC015', '', 'KT015-6', 'Pot-6', '', '2014-02-07 00:34:35'),('KTTDMC015', '', 'KT015-7', 'Pot-7', '', '2014-02-07 00:35:30'),('KTTDMC015', '', 'KT015-8', 'Pot-8', '', '2014-02-07 00:36:25'),('KTTDMC015', '', 'KT015-9', 'Pot-9', '', '2014-02-07 00:37:20'),('KTTDMC001', '', 'KTkt002-11', 'magg-11', '', '2014-02-06 00:14:21'),('KTTDMC016', '', 'KTKT016-1', 'Dew2-1', '', '2014-06-16 04:47:18'),('KTTDMC016', '', 'KTKT016-2', 'Dew2-2', '', '2014-06-16 04:48:39'),('KTTDMC016', '', 'KTKT016-3', 'Dew2-3', '', '2014-06-16 04:49:51'),('KTTDMC016', '', 'KTKT016-4', 'Dew2-4', '', '2014-06-16 04:50:22'),('KTTDMC016', '', 'KTKT016-5', 'Dew2-5', '', '2014-06-16 04:50:57'),('KTTDMC016', '', 'KTKT016-6', 'Dew2-6', '', '2014-06-24 23:01:07');


UNLOCK TABLES;


